-- phpMyAdmin SQL Dump
-- version 4.8.0
-- https://www.phpmyadmin.net/
--
-- Host: 127.0.0.1
-- Generation Time: May 15, 2018 at 09:29 AM
-- Server version: 10.1.31-MariaDB
-- PHP Version: 7.2.4

SET SQL_MODE = "NO_AUTO_VALUE_ON_ZERO";
SET AUTOCOMMIT = 0;
START TRANSACTION;
SET time_zone = "+00:00";


/*!40101 SET @OLD_CHARACTER_SET_CLIENT=@@CHARACTER_SET_CLIENT */;
/*!40101 SET @OLD_CHARACTER_SET_RESULTS=@@CHARACTER_SET_RESULTS */;
/*!40101 SET @OLD_COLLATION_CONNECTION=@@COLLATION_CONNECTION */;
/*!40101 SET NAMES utf8mb4 */;

--
-- Database: `shoppy`
--

-- --------------------------------------------------------

--
-- Table structure for table `categories`
--

CREATE TABLE `categories` (
  `id` int(11) NOT NULL,
  `name` varchar(256) NOT NULL,
  `description` text,
  `created` datetime NOT NULL,
  `updated` timestamp NOT NULL DEFAULT CURRENT_TIMESTAMP
) ENGINE=MyISAM DEFAULT CHARSET=utf8;

--
-- Dumping data for table `categories`
--

INSERT INTO `categories` (`id`, `name`, `description`, `created`, `updated`) VALUES
(201801, 'Basketball', NULL, '2018-05-11 23:46:02', '2018-05-11 16:46:02'),
(201802, 'Running', NULL, '2018-05-11 23:46:02', '2018-05-11 16:46:02'),
(201803, 'Football', NULL, '2018-05-11 23:46:02', '2018-05-11 16:46:02'),
(201804, 'Soccer', NULL, '2018-05-11 23:46:02', '2018-05-11 16:46:02'),
(201805, 'Lifestyle', NULL, '2018-05-11 23:46:02', '2018-05-11 16:46:02'),
(201806, 'Skate', NULL, '2018-05-11 23:46:02', '2018-05-11 16:46:02'),
(201807, 'Baseball', NULL, '2018-05-11 23:46:02', '2018-05-11 16:46:02'),
(201808, 'Golf', NULL, '2018-05-11 23:46:02', '2018-05-11 16:46:02');

-- --------------------------------------------------------

--
-- Table structure for table `colors`
--

CREATE TABLE `colors` (
  `id` int(11) NOT NULL,
  `name` varchar(50) CHARACTER SET utf8 NOT NULL,
  `code` varchar(20) DEFAULT NULL,
  `created` datetime NOT NULL,
  `updated` timestamp NOT NULL DEFAULT CURRENT_TIMESTAMP
) ENGINE=MyISAM DEFAULT CHARSET=latin1;

--
-- Dumping data for table `colors`
--

INSERT INTO `colors` (`id`, `name`, `code`, `created`, `updated`) VALUES
(1101, 'Blue', '', '2018-05-12 07:15:20', '2018-05-12 00:15:20'),
(1102, 'Orange', '', '2018-05-12 07:15:20', '2018-05-12 00:15:20'),
(1103, 'White', '', '2018-05-12 07:15:20', '2018-05-12 00:15:20'),
(1104, 'Black', '', '2018-05-12 07:15:20', '2018-05-12 00:15:20'),
(1105, 'Bronze', '', '2018-05-12 07:15:20', '2018-05-12 00:15:20'),
(1106, 'Yellow', '', '2018-05-12 07:15:20', '2018-05-12 00:15:20'),
(1107, 'Silver', '', '2018-05-12 07:15:20', '2018-05-12 00:15:20'),
(1108, 'Red', '', '2018-05-12 07:15:20', '2018-05-12 00:15:20'),
(1109, 'Gray', '', '2018-05-12 07:15:20', '2018-05-12 00:15:20'),
(1110, 'Gold', '', '2018-05-12 07:15:20', '2018-05-12 00:15:20'),
(1111, 'Green', '', '2018-05-12 07:15:20', '2018-05-12 00:15:20'),
(1112, 'Pink', '', '2018-05-12 07:15:20', '2018-05-12 00:15:20'),
(1113, 'Camo', '', '2018-05-12 07:15:20', '2018-05-12 00:15:20'),
(1114, 'Purple', NULL, '2018-05-12 10:46:59', '2018-05-12 03:46:59');

-- --------------------------------------------------------

--
-- Table structure for table `products`
--

CREATE TABLE `products` (
  `id` int(11) NOT NULL,
  `name` varchar(256) NOT NULL,
  `description` text,
  `price` decimal(10,0) NOT NULL,
  `category_id` int(11) NOT NULL,
  `created` datetime NOT NULL,
  `updated` timestamp NOT NULL DEFAULT CURRENT_TIMESTAMP
) ENGINE=MyISAM DEFAULT CHARSET=latin1;

--
-- Dumping data for table `products`
--

INSERT INTO `products` (`id`, `name`, `description`, `price`, `category_id`, `created`, `updated`) VALUES
(1105180041, 'Nike Precision Jr.', '<p><b class=\"u-bold\">STABILITY FOR THE COURSE</b></p><br><p>the Nike Precision Jr. Kids\' Golf Shoe features full-length foam cushioning for lightweight comfort and a stable feel at the course and range. Its outsole has an Integrated Traction pattern for enhanced grip on a variety of surfaces.</p><br><p><b class=\"u-bold\">Benefits</b></p><li>Synthetic leather upper is water-resistant</li><li>Integrated traction pattern enhances grip</li><li>Full-length foam cushioning for lightweight comfort</li><li>Inner sleeve for a sock-like feel</li><li>Rubber outsole for durability</li><li>Shown: White/Metallic Silver/Black</li><li>Style: 909251-100</li>', '70', 201808, '2018-05-12 00:09:10', '2018-05-11 17:09:10'),
(1105180042, 'Nike Roshe Jr.', '<p><b class=\"u-bold\">ICONIC AND COMFORTABLE</b></p><br><p>Inspired by an icon, the Nike Roshe Jr. Little/Big Kids\' Golf Shoe features a pressure-mapped outsole that provides traction in key zones. The mesh upper offers breathability and a modern look, while the soft, flexible foam midsole cushions every step.&nbsp;</p><br><p><b class=\"u-bold\">Benefits</b></p><li>Outsole provides strategically placed traction and support</li><li>Lightweight mesh provides breathable comfort</li><li>Foam midsole for ultra-soft cushioning</li><li>Heel and pull tabs for easy on and off</li><li>Heel counter stabilizes your foot during your swing</li><li>Shown: Black/White</li><li>Style: 909250-001</li>', '60', 201808, '2018-05-12 00:09:10', '2018-05-11 17:09:10'),
(1105180071, 'Nike Epic React Flyknit', '<p><b class=\"u-bold\">COMFORT THAT NEVER ENDS</b></p><br><p>From big races to everyday practice, the Nike Epic React Flyknit Big Kids\' Running Shoe delivers crazy comfort that lasts as long as you can run. Its Nike React foam cushioning is springy but lightweight, durable but soft, for an “Instant Go” feel that helps make running more fun.</p><br><p><b class=\"u-bold\">Ridiculously Responsive </b></p><p>Nike React foam is incredibly springy, with 13% more bounce than Nike Lunarlon. The more energy you put into your step, the more energy you get in return.</p><br><p><b class=\"u-bold\">Feels Like the First Run </b></p><p>Whether you’re running on the track or in your neighborhood, Nike React foam is designed to keep its shape and feel, run after run. In our tests, champion runners like Galen Rupp said the shoe\'s cushioning still felt “like new” after 300 miles.</p><br><p><b class=\"u-bold\">Give Your Feet a Hug </b></p><p>Nike Flyknit hugs your foot, for a snug, seamless feel from heel to toe, incredible breathability and an unmistakable look.</p><br><p><b class=\"u-bold\">More Details</b></p><li>Oversized pull tab for easy on and off</li><li>Rubber on the toe and heel for durability</li><li>Precisely placed traction grips the ground</li><li>Heel cage helps keep your foot from rocking when you run</li><li>Shown: White/Pure Platinum/University Red</li><li>Style: 943311-106</li><br><p><b class=\"u-bold\">Flyknit Origins </b></p><p>Nike Flyknit technology was inspired by feedback from runners seeking a shoe with the snug (and virtually unnoticed) fit of a sock. Nike embarked on a four-year mission with teams of programmers, engineers and designers to create the technology needed to make the knit upper with static properties for structure and durability. Then the precise placement of support, flexibility and breathability—all in one layer—was refined. The result is a featherweight, formfitting and virtually seamless upper. This unprecedented precision maximizes performance while reducing the material waste of traditional cut and sew by an average of 60%. The equivalent of six recycled plastic bottles are used in every pair of Flyknit shoes, saving millions of pounds of material from reaching landfills.</p><br><p><b class=\"u-bold\">Nike Epic React Frequently Asked Questions</b></p><p><br></p><br><p><b class=\"u-bold\">What are the main performance benefits of this shoe?</b></p><p>The Nike Epic React Flyknit combines Nike React foam midsole with a Nike Flyknit upper to deliver a lightweight, soft yet responsive ride mile after mile. Nike React foam gives 13% greater energy return than Nike Lunar foam, while still delivering a soft and snappy ride. As a direct comparison to the Nike LunarEpic Flyknit 2, the Nike Epic React Flyknit is 5% lighter, 11% softer and provides 10% more energy return.</p><br><p><b class=\"u-bold\">What is Nike React?</b></p><p>Nike React foam was developed in-house and the unique composition gives runners foam that is lighter, softer, more responsive and even more durable than Nike Lunar foam. Historically, these four elements have been solved for individually and it was difficult to deliver them in one package. However, Nike React technology delivers them in one.</p><br><p><b class=\"u-bold\">How durable is this shoe?</b></p><p>Nike React was built to last for many miles. Nike React technology is a proprietary foam that is more responsive and more durable than Nike Lunar foam. We know from our testing that the more foam and less rubber protection on the outsole of the shoe, the better the experience of React. So, we purposely went as minimal as possible with rubber coverage. We did see and experience in our testing some wear and tear on the outsole foam, but we believe the benefit of the minimal outsole coverage outweighs the visible wear of the foam. And our testers said although it may wear visibly, there is no perceived degradation to the running experience.</p><br><p><b class=\"u-bold\">Does Nike Epic React fit to size?</b></p><p>Flyknit material conforms to the shape of your foot, creating a snug, hug-like feel that fits true to size. If you prefer a slightly looser fit, we recommend ordering a ½ size up</p><br><p><b class=\"u-bold\">Is Nike React made from EVA?</b></p><p>No. The primary ingredient in Nike React foam is a synthetic rubber. The foam is proprietary to Nike – you won’t find it anywhere else.</p><br><p><b class=\"u-bold\">How long was the development process?</b></p><p>It took over 400 different combinations of chemistry and processing to land the unique composition of the Nike React foam midsole. In addition, we have undertaken 17,000 miles of testing with some of our elite runners and also everyday runners.</p><br><p><b class=\"u-bold\">Was testing only undertaken in the US or was it undertaken in other countries as well?</b></p><p>Testing was undertaken globally – not just in the US. It is important to test in all conditions and surfaces to ensure it delivers the best performance for the runner.</p><br><p><b class=\"u-bold\">Which athletes have been involved in the development process?</b></p><p>We have undertaken 17,000 miles of testing with some of our elite runners and also everyday runners. Some of the elite runners include Eliud Kipchoge, Galen Rupp, Evan Jager, Emily Infield and Colleen Quigley.</p><br><p><b class=\"u-bold\">What’s the difference between Nike React and Nike ZoomX?</b></p><p>Nike React technology and Nike ZoomX midsole cushioning are both light, soft and responsive. Specifically designed for speed, Nike ZoomX delivers our greatest energy return in our fastest line of Running footwear. Nike React foam offers a combination of four key benefits – softness, responsiveness, lightness and long-lasting durability in one single offering.</p><br>', '145', 201802, '2018-05-12 06:19:30', '2018-05-11 23:19:30'),
(1105180072, 'Nike Air Max Sequent 3', '<p><b class=\"u-bold\">SMOOTH STEP</b></p><br><p>The Nike Air Max Sequent 3 Big Kids\' Running Shoe combines a Max Air unit in the heel, soft foam cushioning and grooves on the sole for a smooth heel-to-toe step.</p><br><p><b class=\"u-bold\">Benefits</b></p><li>U-shaped Max Air unit mirrors the shape of your heel for a cushioned feel</li><li>Mesh material for lightweight breathability</li><li>Grooves along the sole let your foot flex naturally</li><li>Foam cushioning for comfort</li><li>Shown: Game Royal/Pure Platinum/Metallic Silver/Game Royal</li><li>Style: 922884-401</li><br><p><b class=\"u-bold\">NIKE AIR MAX ORIGINS </b></p>Nike\'s revolutionary Air-Sole unit made its way into Nike footwear in 1978. In 1987, the Nike Air Max 1 debuted with visible air in its heel, allowing fans more than just the feel of Air-Sole comfort—suddenly they could see it. Since then, next-generation Nike Air Max shoes have become a hit with athletes and collectors by offering striking color combinations and reliable, lightweight cushioning.', '80', 201802, '2018-05-12 06:19:30', '2018-05-11 23:19:30'),
(1105180073, 'Nike LunarSolo', '<p><b class=\"u-bold\">SMOOTH SPEED</b></p><br><p>The Nike&nbsp;LunarSolo&nbsp;Big Kids\' Running Shoe is designed to evenly disperse impact along your foot to keep your legs fresh for everyday runs and the next big race.</p><br><p><b class=\"u-bold\">Benefits</b></p><li>Textile upper for breathable support</li><li>Ultralight, springy Lunarlon cushioning for soft yet responsive shock absorption</li><li>Engineered sole helps evenly disperse impact along your foot</li><li>Foam cushioning flexes with your foot for comfortable movement</li><li>Seamless overlays provide a streamlined look</li><li>Shown: Black/Black/White/Black</li><li>Style: AA4403-001</li>', '70', 201802, '2018-05-12 06:19:30', '2018-05-11 23:19:30'),
(1105180074, 'Nike Air VaporMax', '<p><b class=\"u-bold\">AIR TO MOVE YOU FORWARD</b></p><br><p>With a reinvented cushioning system, the Nike Air VaporMax Big Kids\' Running Shoe delivers a lightweight, bouncy ride for a gravity-defying sensation underfoot and engineered mesh fabric for stretchy, comfortable support.</p><br><p><b class=\"u-bold\">LIGHTWEIGHT CUSHIONING </b></p><p>Air cushioning provides maximum impact protection from heel to toe. Carved-out sections of the sole help keep the shoe incredibly flexible and lightweight.</p><br><p><b class=\"u-bold\">FLAWLESS FIT </b></p><p>Engineered mesh stretches with and supports your foot for lightweight, breathable comfort.</p><br><p><b class=\"u-bold\">MORE DETAILS</b></p><li>Heel overlay adds structure for a stable feel</li><li>Rubber pods on the sole for durability</li><li>Foam padding around the collar and heel for added comfort</li><li>Shown: Wolf Grey/Metallic Silver/Anthracite/Light Carbon</li><li>Style: 917963-006</li><br><p><b class=\"u-bold\">BEHIND THE DESIGN </b></p><p>The Air VaporMax represents a new era in Nike innovation. “It’s changed our whole philosophy on how we design for Air,” says Cushioning Innovation Designer Zachary Elder. With the VaporMax, the designers wanted to truly capture the feeling of ‘running on air.’ The designers started by restructuring the Air unit so they could attach it directly to the upper. “That was the biggest challenge,” says Tom Minami, Senior Footwear Designer – but it was worth it. “Without any midsole or sockliner, you get to feel the Air in a whole new way.” In previous Air Max models, the goal was to fill the sole with as much Air as possible, but with the VaporMax, the focus is on using the Air efficiently. “As you step down, each lug gets pushed into the Air unit, ramping up the pressure,” Elder explains. “As you step off, the pressure releases, creating that springy bounce.” After the seven-year journey from ideation to release, Elder and Minami are excited for what’s to come. “I’m super proud of the product,\" Elder says. “This new approach is going to be a huge turning point for Air – and for Nike.”</p><br><p><b class=\"u-bold\">NIKE AIR MAX ORIGINS </b></p><p>Nike\'s revolutionary Air-Sole unit made its way into Nike footwear in 1978. In 1987, the Nike Air Max 1 debuted with visible air in its heel, allowing fans more than just the feel of Air-Sole comfort—suddenly they could see it. Since then, next-generation Nike Air Max shoes have become a hit with athletes and collectors by offering striking color combinations and reliable, lightweight cushioning.</p><br>', '155', 201802, '2018-05-12 06:19:30', '2018-05-11 23:19:30'),
(1105180075, 'Nike Free RN 2018', '<p><b class=\"u-bold\">FLEX YOUR FAST</b></p><br><p>The Nike Free RN 2018 Big Kids\' Running Shoe is as flexible as ever. Its updated Nike Free midsole adjusts to your every step, whether you\'re jogging or sprinting, providing balanced support and lightweight cushioning where and when you need it.</p><br><p><b class=\"u-bold\">Benefits</b></p><li>One-piece mesh upper for breathability and snug comfort</li><li>Flywire cables integrate with the laces for lightweight support</li><li>Nike Free midsole provides flexible, all-day comfort</li><li>Rounded heel rolls with the ground to enable natural range of motion</li><li>Padded collar and stretchy heel strap support the back of your foot</li><li>Shown: Noise Aqua/Igloo/Pure Platinum/White</li><li>Style: AH3457-401</li><br><p><b class=\"u-bold\">Nike Free Origins</b></p><p>After learning that Stanford athletes had been training barefoot, three of Nike\'s most innovative and creative employees set out to develop a shoe that felt natural and weightless, similar to bare feet. The team spent four years studying the biomechanics of runners\' feet in motion. The results yielded a profound understanding of the foot\'s natural landing angle, pressure and toe position, allowing Nike designers to build an unconventional and flexible running shoe from the inside out.</p><br>', '80', 201802, '2018-05-12 06:19:30', '2018-05-11 23:19:30'),
(1105180076, 'Nike Revolution 4', '<p><b class=\"u-bold\">MINIMAL DESIGN, MAXIMUM COMFORT.</b></p><br><p>The Nike Revolution 4 Big Kids\' Running Shoe combines lightweight cushioning and a minimal design for streamlined speed and lasting comfort.</p><br><p><b class=\"u-bold\">Benefits</b></p><li>Mesh for breathable comfort</li><li>Soft foam provides lightweight cushioning</li><li>Flex grooves along the sole let your foot flex naturally</li><li>Rubber outsole for durable stability</li><li>Shown: Gym Red/Team Red/Black/White</li><li>Style: 943309-601</li>', '58', 201802, '2018-05-12 06:19:30', '2018-05-11 23:19:30'),
(1105180077, 'Jordan Grind', '<p><b class=\"u-bold\">PREMIUM LOOK. COMFORTABLE SUPPORT.</b></p><br><p>The Jordan Grind Big Kids\' Training Shoe features signature Jordan details and delivers comfortable, responsive cushioning with Lunarlon foam.</p><br><p><b class=\"u-bold\">Benefits</b></p><li>Mesh or suede construction for comfortable support</li><li>Synthetic overlays stabilize your foot</li><li>TPU straps integrate with laces for a locked-down feel</li><li>Ultralight, springy Lunarlon cushioning for soft yet responsive shock absorption</li><li>Heel pull tab for easy on and off</li><li>Shown: Black/White/Metallic Gold</li><li>Style: AH4375-031</li>', '90', 201802, '2018-05-12 06:19:30', '2018-05-11 23:19:30'),
(1105180078, 'Nike Revolution 3', '<p><b class=\"u-bold\">CUSHIONED SUPPORT IN MOTION</b></p><br><p>The Nike Revolution 3 Infant/Toddler Shoe&nbsp;has a lightweight mesh upper with&nbsp;no-sew overlays for a breathable, supportive feel. A rubber cupsole provides low-profile support, traction and comfort.</p><br><p><b class=\"u-bold\">Benefits</b></p><li>Mesh upper has no-sew overlays for a snug, breathable fit</li><li>Rubber cupsole provides flexible traction</li><li>Hook-and-loop closure for a locked-in feel</li><li>Shown: University Red/Black/White/Metallic Silver</li><li>Style: 819415-600</li>', '45', 201802, '2018-05-12 06:19:30', '2018-05-11 23:19:30'),
(1105180079, 'Nike Revolution 4 FlyEase', '<p><b class=\"u-bold\">EASY COMFORT</b></p><br><p>The Nike Revolution 4 FlyEase&nbsp;Big Kids\' Running Shoe combines ultra-soft foam cushioning with lightweight mesh all-day comfort. The lace-free FlyEase closure system connects a hook-and-loop strap to a wraparound zipper so you can open and close the shoe – heel and all – in one fluid motion.</p><br><p><b class=\"u-bold\">Benefits</b></p><li>Nike FlyEase system provides wraparound support and easy on and off</li><li>Mesh provides breathable comfort</li><li>Lightweight foam cushions your foot&nbsp;</li><li>Rubber sole for excellent traction and stability</li><li>Flex grooves along the sole helps&nbsp;your foot flex naturally</li><li>Shown: Black/Anthracite/Total Crimson/White</li><li>Style: AH8797-001</li>', '58', 201802, '2018-05-12 06:19:30', '2018-05-11 23:19:30'),
(1105180080, 'Nike LunarEpic Low Flyknit 2', '<p><b class=\"u-bold\">START FAST, FINISH STRONG.</b></p><br><p>Perfect for distance running, the Nike LunarEpic Low Flyknit 2 Big Kids\' Running Shoe hugs your foot with lightweight Flyknit and cushions your ride with responsive Lunarlon foam.</p><br><p><b class=\"u-bold\">Sock-Like Fit</b></p><p>A near-seamless Flyknit upper wraps your foot from heel to toe, offering support, flexibility and breathability where you need them most.</p><br><p><b class=\"u-bold\">Springy Cushioning</b></p><p>Lunarlon cushioning is springy and plush—perfect for long-distance runs or all-day comfort.</p><br><p><b class=\"u-bold\">Responsive Step</b></p><p>Unique pods on the sole collapse and spring back with every stride, providing a fluid ride and excellent traction.</p><br><p><b class=\"u-bold\">More Details</b></p><li>Flywire cables connect with the laces to lock your foot in</li><li>Heel overlay adds support</li><li>Shown: Black/Anthracite/White</li><li>Style: 869990-001</li><br><p><b class=\"u-bold\">FLYKNIT ORIGINS</b></p>Nike Flyknit technology was inspired by feedback from runners seeking a shoe with the snug (and virtually unnoticed) fit of a sock. Nike embarked on a four-year mission with teams of programmers, engineers and designers to create the technology needed to make the knit upper with static properties for structure and durability. Then the precise placement of support, flexibility and breathability—all in one layer—was refined. The result is a featherweight, formfitting and virtually seamless upper. This unprecedented precision maximizes performance while reducing the material waste of traditional cut and sew by an average of 60%. The equivalent of six recycled plastic bottles are used in every pair of Flyknit shoes, saving millions of pounds of material from reaching landfills.', '115', 201802, '2018-05-12 06:19:30', '2018-05-11 23:19:30'),
(1105180081, 'Nike Flex Contact', '<p><b class=\"u-bold\">COMFORT ON THE GO</b></p><br><p>The Nike Flex Contact Big Kids\' Running Shoe is made with stretchy material that lets your foot move naturally for comfort on the go.</p><br><p><b class=\"u-bold\">Benefits</b></p><li>Knit material allows natural flexibility</li><li>Foam cushioning for all-day comfort</li><li>Grooves let the shoe expand and contract with every step</li><li>Shown: Racer Blue/White/Black</li><li>Style: 917932-402</li>', '65', 201802, '2018-05-12 06:19:30', '2018-05-11 23:19:30'),
(1105180082, 'Nike Zoom Pegasus 34 FlyEase', '<p><b class=\"u-bold\">MYTHIC SPEED</b></p><br><p>The Nike Zoom Pegasus 34 FlyEase Big Kids\' Running Shoe features a mesh upper and Nike Zoom Air unit for lightweight speed as well as Flywire cables to lockdown your midfoot for extended comfort on the track.</p><br><p><b class=\"u-bold\">Benefits</b></p><li>Nike Zoom Air cushioning for lightweight responsiveness</li><li>Mesh upper provides breathable comfort</li><li>Flywire cables offer lightweight support when and where you need it</li><li>Nike FlyEase system provides wraparound support and easy on and off</li><li>Shown: Mica Blue/Racer Pink/Sport Fuchsia/Black</li><li>Style: 918022-400</li>', '90', 201802, '2018-05-12 06:19:30', '2018-05-11 23:19:30'),
(1105180083, 'Nike Revolution 4 Fade', '<p><b class=\"u-bold\">BREATHABLE COMFORT AND SUPPORT</b></p><br><p>The Nike Revolution 4 Fade&nbsp;Little Kids\' Shoe wraps growing feet in comfortable mesh, and softens every step with foam cushioning. A&nbsp;hook-and-loop strap helps&nbsp;stabilize feet and makes the shoe easy to take on and off.</p><br><p><b class=\"u-bold\">Benefits</b></p><li>Mesh wraps your foot for breathable support</li><li>Lightweight foam cushioning for all-day comfort</li><li>Synthetic leather hook-and-loop strap for a locked-in feel</li><li>Rubber tread sections for durable traction</li><li>Shown: Black/Volt/Black/Total Orange</li><li>Style: AR2420-001</li>', '52', 201802, '2018-05-12 06:19:30', '2018-05-11 23:19:30'),
(1105180084, 'Nike Free RN Flyknit 2017', '<p><b class=\"u-bold\">BREATHABLE, FLEXIBLE, FAST.</b></p><br><p>The Nike Free RN Flyknit 2017&nbsp;Big Kids\' Running Shoe combines the ultralight, snug fit of Nike Flyknit with the incredible flexibility of a Nike Free sole.</p><br><p><b class=\"u-bold\">Sock-Like Fit</b></p><p>Nike Flyknit hugs your foot for a locked-in feel and lightweight, breathable support on every run.</p><br><p><b class=\"u-bold\">Natural Movement</b></p><p>With each stride, a soft, flexible Nike Free sole expands and contracts in all directions, following the natural motion of your foot.</p><br><p><b class=\"u-bold\">Secure Fit</b></p><p>Flywire cables connect with the laces, giving you a locked-in fit throughout long races or quick sprints.</p><br><p><b class=\"u-bold\">More Details</b></p><li>A unique channel on the sole helps to smooth out your footstrike</li><li>Rubber sections on the toe and heel of the sole offer traction and durability</li><li>Structured heel helps hold your foot in place</li><li>Shown: Blue Fox/Wolf Grey/White/Pure Platinum</li><li>Style: 881973-402</li><br><p><b class=\"u-bold\">Nike Free Origins</b></p><p>After learning that Stanford athletes had been training barefoot on the university\'s golf course, three of Nike\'s most innovative and creative employees set out to develop a shoe that felt natural and weightless, similar to bare feet. The team spent eight years studying the biomechanics of runners\' feet in motion. The results yielded a profound understanding of the foot\'s natural landing angle, pressure and toe position, allowing Nike designers to build an unconventional and flexible running shoe from the inside out.</p><br><p><b class=\"u-bold\">Flyknit Origins</b></p>Nike Flyknit technology was inspired by feedback from runners seeking a shoe with the snug (and virtually unnoticed) fit of a sock. Nike embarked on a four-year mission with teams of programmers, engineers and designers to create the technology needed to make the knit upper with static properties for structure and durability. Then the precise placement of support, flexibility and breathability—all in one layer—was refined. The result is a featherweight, formfitting and virtually seamless upper. This unprecedented precision maximizes performance while reducing the material waste of traditional cut and sew by an average of 60%. The equivalent of six recycled plastic bottles are used in every pair of Flyknit shoes, saving millions of pounds of material from reaching landfills.', '100', 201802, '2018-05-12 06:19:30', '2018-05-11 23:19:30'),
(1105180085, 'Nike Star Runner', '<p><b class=\"u-bold\">EASY COMFORT</b></p><br><p>The Nike Star Runner Little Kids\' Shoe delivers low-top comfort and lightweight cushioning with a simple hook-and-loop strap for easy on and off.</p><br><p><b class=\"u-bold\">Benefits</b></p><li>Stretch fabric and leather construction for a natural, lasting fit</li><li>Hook-and-loop strap for easy on and off</li><li>Foam cushioning provides lightweight comfort</li><li>Rubber outsole for durable support</li><li>Shown: Thunder Blue/White/Obsidian/Volt</li><li>Style: 921443-404</li>', '48', 201802, '2018-05-12 06:19:30', '2018-05-11 23:19:30'),
(1105180086, 'Nike Air Max Sequent 3', '<p><b class=\"u-bold\">MAXED-OUT COMFORT</b></p><br><p>The Nike Air Max Sequent Little Kids\' Shoe combines a Max Air unit in the heel, soft foam cushioning and grooves on the sole for plush, all-day comfort.&nbsp;</p><br><p><b class=\"u-bold\">Benefits</b></p><li>Breathable mesh for comfortable support</li><li>Max Air cushioning in the heel for soft steps</li><li>Foam cushioning provides all-day comfort</li><li>Grooves along the sole let little feet flex naturally</li><li>Rubber sections in high-wear areas enhance durability</li><li>Shown: Team Red/Total Crimson/White/Black</li><li>Style: AO0554-600</li><br><p><b class=\"u-bold\">NIKE AIR MAX ORIGINS</b></p>Nike\'s revolutionary Air-Sole unit made its way into Nike footwear in 1978. In 1987, the Nike Air Max 1 debuted with visible air in its heel, allowing fans more than just the feel of Air-Sole comfort—suddenly they could see it. Since then, next-generation Nike Air Max shoes have become a hit with athletes and collectors by offering striking color combinations and reliable, lightweight cushioning.', '70', 201802, '2018-05-12 06:19:30', '2018-05-11 23:19:30'),
(1105180087, 'Nike Zoom Pegasus 34', '<p><b class=\"u-bold\">FASTER THAN EVER</b></p><br><p>The Nike Air Zoom Pegasus 34 Big Kids\' Running Shoe combines springy cushioning with a locked-in fit to help you stay quick and comfortable during everyday runs or demanding races.</p><br><p><b class=\"u-bold\">Responsive Cushioning</b></p><p>A Nike Zoom Air unit in the heel delivers springy cushioning to help you fly past the finish line.</p><br><p><b class=\"u-bold\">Secure Fit</b></p><p>Lightweight, breathable mesh with Flywire cables offers a snug fit that adapts to your foot\'s natural movements.</p><br><p><b class=\"u-bold\">Smooth Ride</b></p><p>A unique channel on the sole helps to smooth out your footstrike for a stable ride on the track, trail or street.</p><br><p><b class=\"u-bold\">More Details</b></p><li>Premium foam cushioning offers lasting comfort and support</li><li>No-sew toe overlay for durability</li><li>Flex grooves let your foot move naturally</li><li>Waffle-inspired rubber sole for durable traction</li><li>Shown: Noise Aqua/Bleached Aqua/Green Abyss/White</li><li>Style: 881954-404</li>', '90', 201802, '2018-05-12 06:19:30', '2018-05-11 23:19:30'),
(1105180088, 'Nike Free RN 2018', '<p><b class=\"u-bold\">LIGHTWEIGHT FLEXIBILITY</b></p><br><p>The&nbsp;Nike Free RN 2018 Infant/Toddler Shoe combines lightweight breathability with the classic cushioning and flexibility&nbsp;of a Nike Free midsole. A hook-and-loop strap and slip-on design makes the shoe easy for you to put on their foot and take off.</p><br><p><b class=\"u-bold\">Benefits</b></p><li>Textile upper for snug comfort and support</li><li>Hook-and-loop strap for easy on and off</li><li>Nike Free midsole provides flexible, all-day comfort</li><li>Padded collar cushions the ankle</li><li>Stretchy heel piece provides heel-to-ankle support</li><li>Flex grooves let the foot bend naturally</li><li>Shown: Team Royal/Photo Blue/White</li><li>Style: AH3453-401</li><br><p><b class=\"u-bold\">Nike Free Origins </b></p><p>After learning that Stanford athletes had been training barefoot, three of Nike\'s most innovative and creative employees set out to develop a shoe that felt natural and weightless, similar to bare feet. The team spent four years studying the biomechanics of runners\' feet in motion. The results yielded a profound understanding of the foot\'s natural landing angle, pressure and toe position, allowing Nike designers to build an unconventional and flexible running shoe from the inside out.</p><br>', '48', 201802, '2018-05-12 06:19:30', '2018-05-11 23:19:30'),
(1105180061, 'Nike SB Air Max Bruin Vapor', '<p><b class=\"u-bold\">CLASSIC LOOK, PREMIUM PERFORMANCE.</b></p><br><p>The Nike SB Air Max Bruin Vapor Big Kids\' Skateboarding Shoe takes the old-school basketball shoe and updates it with a Nike Air Max unit that gives you extra cushioning on your next big trick.</p><br><p><b class=\"u-bold\">Benefits</b></p><li>Max Air cushioning provides comfort upon impact</li><li>Suede for durability</li><li>An interior sleeve gives a sock-like fit</li><li>Shown: Black/White</li><li>Style: 922867-002</li>', '85', 201806, '2018-05-12 06:21:35', '2018-05-11 23:21:35'),
(1105180062, 'Nike SB Portmore II Ultralight', '<p><b class=\"u-bold\">PREMIUM, LIGHTWEIGHT BOARDFEEL.</b></p><br><p>The Nike SB Portmore II Ultralight Big Kids\' Skateboarding Shoe is lightweight and breathable. It combines flexible cushioning with grippy traction for excellent boardfeel, wherever you skate.</p><br><p><b class=\"u-bold\">Benefits</b></p><li>Textile upper is ultra-lightweight and breathable</li><li>Inner sleeve provides snug, sock-like comfort</li><li>Foam cushioning for all-day comfort</li><li>Rubber sole with Herringbone patterns grips the board</li><li>Shown: Dark Grey/Pure Platinum/Pure Platinum/Summit White</li><li>Style: 905211-006</li>', '55', 201806, '2018-05-12 06:21:35', '2018-05-11 23:21:35'),
(1105180063, 'Nike Zoom Stefan Janoski', '<p><b class=\"u-bold\">MAXIMUM BOARDFEEL AND DURABILITY</b></p><br><p>The Nike SB Zoom Stefan Janoski Big Kids\'&nbsp;Skateboarding Shoe was designed in collaboration with the skate legend. Built for daily use, it delivers durability, grip and excellent boardfeel.</p><br><p><b class=\"u-bold\">Boardfeel </b></p><p>A drop-in sockliner with Nike Zoom Air in the heel provides cushioning on impact, while a low-profile vulcanized rubber sole gives you the boardfeel you need for any style of skating.</p><br><p><b class=\"u-bold\">Fit </b></p><p>Comfortable, durable suede from toe to heel helps prevent blowouts so you can skate longer. Perforations in the toe help keep air flowing.</p><br><p><b class=\"u-bold\">Janoski Origins </b></p>Back in ‘09, most skate shoes were&nbsp;breadloafs. Nike SB pro Stefan Janoski set out to break the mold. He wanted his signature shoe to be flatter, lighter and lower, so he could feel everything underfoot. “Make my feet bleed,” he told us. We gave him a super-thin vulcanized sole and a collar so low it needed that iconic heel band to stay in place. We also gave him responsive Nike Zoom Air to keep his feet from bleeding for real. The result showed Stefan’s no-nonsense personality in every detail—right down to&nbsp;the motto&nbsp;on his old-school patch.', '65', 201806, '2018-05-12 06:21:35', '2018-05-11 23:21:35'),
(1105180064, 'Nike SB Stefan Janoski', '<p><b class=\"u-bold\">TRUE TO THE ORIGINAL</b></p><br><p>The&nbsp;Nike SB Stefan Janoski Infant/Toddler Kids\' Shoe pairs the minimal look and flexibility of a classic low-top skate shoe with an alternative hook-and-loop closure for quick on and off.</p><br><p><b class=\"u-bold\">Benefits</b></p><li>Suede upper with minimal stitching for durability&nbsp;</li><li>Hook-and-loop closure for easy on and off</li><li>Tacky rubber sole for traction and stability</li><li>Shown: Black/White</li><li>Style: 705404-001</li>', '50', 201806, '2018-05-12 06:21:35', '2018-05-11 23:21:35'),
(1105180065, 'Nike SB Check Canvas', '<p><b class=\"u-bold\">CUSHIONED COMFORT</b></p><br><p>The Nike SB Check Canvas Big Kids\' Skateboarding Shoe provides comfort on and off your board. Extra durability on the outer forefoot area helps protect against abrasion for&nbsp;the&nbsp;ollie.</p><br><p><b class=\"u-bold\">Benefits</b></p><li>Canvas upper and padded tongue for comfort</li><li>Reinforced area on outer forefoot for enhanced durability</li><li>Foam socklliner for cushioning</li><li>Rubber outsole offers superior grip</li><li>Shown: Black/White</li><li>Style: 905373-003</li>', '55', 201806, '2018-05-12 06:21:35', '2018-05-11 23:21:35'),
(1105180066, 'Nike SB Stefan Janoski Canvas Slip-on', '<p><b class=\"u-bold\">LIGHTWEIGHT, ALL-DAY COMFORT.</b></p><br><p>The Nike SB Stefan Janoski Canvas Slip-On Little Kids\' Skateboarding Shoe&nbsp;features soft foam cushioning for comfort with every step. Its slip-on design makes it easy to get on and off quickly.</p><br><p><b class=\"u-bold\">Benefits</b></p><li>Canvas offers lightweight comfort</li><li>Foam insole for cushioning and boardfeel</li><li>Stretch tongue gussets for a snug fit and easy on and off</li><li>Autoclave construction for a streamlined look and feel</li><li>Rubber outsole with herringbone pattern offers superior grip</li><li>Shown: Black/White/Light Bone</li><li>Style: 882989-006</li>', '55', 201806, '2018-05-12 06:21:35', '2018-05-11 23:21:35'),
(1105180067, 'Nike Stefan Janoski Max', '<p><b class=\"u-bold\">LEGENDARY LOOK. EVERYDAY CUSHIONING.</b></p><br><p>A skateboarding legend meets a sportswear icon in the Nike Stefan Janoski Max Little Kids\' Shoe. A textile upper provides breathable comfort, and visible Max Air in the heel supports and cushions little feet.&nbsp;</p><br><p><b class=\"u-bold\">Benefits</b></p><li>Textile upper for breathable comfort</li><li>Foam sockliner for lightweight cushioning</li><li>Rubber outsole for traction and stability</li><li>Low-profile foam and Max Air in the heel provide lightweight cushioning</li><li>Deep flex grooves allow their foot to bend naturally</li><li>Shown: Black/Medium Olive/Gum Light Brown/White</li><li>Style: 943824-006</li>', '75', 201806, '2018-05-12 06:21:35', '2018-05-11 23:21:35'),
(1105180068, 'Nike SB Stefan Janoski Max', '<p><b class=\"u-bold\">ICONIC LOOK. ALL-DAY COMFORT.</b></p><br><p>The Nike SB Stefan Janoski MaxBig Kids\' Skateboarding Shoe offers plush cushioning at the heel and flexibility at the toe for all-day comfort, on or off your board.</p><br><p><b class=\"u-bold\">Timeless Design </b></p><p>The Janoski’s unique profile combines with the Air Max’s iconic look for a shoe that’s versatile enough to wear all day long.</p><br><p><b class=\"u-bold\">Maximum Comfort</b></p><p>Plush foam and visible Air Max cushioning help keep you comfortable, while deep grooves in the sole let your foot flex naturally.</p><br><p><b class=\"u-bold\">Lightweight Breathability</b></p>Breathable textile gives you a lightweight fit and feel for wherever the day takes you', '85', 201806, '2018-05-12 06:21:35', '2018-05-11 23:21:35'),
(1105180051, 'Nike Vapor Ultrafly Keystone (Wide)', '', '30', 201807, '2018-05-12 06:21:58', '2018-05-11 23:21:58'),
(1105180052, 'Nike Alpha Huarache Keystone Mid', '', '40', 201807, '2018-05-12 06:21:58', '2018-05-11 23:21:58'),
(1105180053, 'Nike Force Air Trout 4 Pro MCS', '', '62', 201807, '2018-05-12 06:21:58', '2018-05-11 23:21:58'),
(1105180054, 'Nike Vapor Ultrafly Keystone', '', '30', 201807, '2018-05-12 06:21:58', '2018-05-11 23:21:58'),
(1105180055, 'Nike Force Trout 4 Keystone', '', '40', 201807, '2018-05-12 06:21:58', '2018-05-11 23:21:58'),
(1105180031, 'LeBron Soldier XII', '<p><b class=\"u-bold\">FRONT-LINE PERFORMANCE</b></p><br><p>The LeBron Soldier XII Big Kids\'&nbsp;Basketball Shoe delivers lightweight, responsive comfort on the court with Nike Zoom Air cushioning. Adjustable hook-and-loop straps offer personalized, secure lockdown for every cut and drive.</p><br><p><b class=\"u-bold\">Benefits</b></p><li>Textile and synthetic construction offers comfortable support</li><li>Adjustable straps cross the midfoot and ankle for locked-in support</li><li>Foam midsole with Nike Zoom Air for responsive cushioning</li><li>Durable rubber tread delivers excellent traction</li><li>Shown: White/Multi-Color</li><li>Style: AA1352-100</li>', '120', 201801, '2018-05-12 06:22:22', '2018-05-11 23:22:22'),
(1105180032, 'LeBron 15', '<p><b class=\"u-bold\">FOR THE UNBREAKABLE</b></p><br><p>The LeBron 15 Big Kids\' Basketball Shoe features a new kind of Flyknit and a powerful combination of cushioning designed to meet the demands of explosive players like LeBron.</p><br><p><b class=\"u-bold\">Locked-in Support</b></p><p>Brand-new BattleKnit—a type of Flyknit material designed specifically for LeBron—delivers stretchy support, ultra-lightweight flexibility, and a locked-in feel.</p><br><p><b class=\"u-bold\">Exceptionally Responsive Cushioning</b></p><p>This is the first time both Nike Zoom Air and Max Air have been used in a basketball shoe. The combination helps soften hard landings and enable quick moves for powerful players.</p><br><p><b class=\"u-bold\">Seamless Fit</b></p><p>A full inner-sleeve offers a secure, sock-like fit. And a high-stretch collar provides flexible support around your ankle. The collar also lets you get the shoe on and off easily.</p><br><p><b class=\"u-bold\">More Details</b></p><li>Ultralight, strong Flywire cables add support</li><li>Foam midsole provides lightweight, resilient cushioning</li><li>Rubber outsole offers durable, multi-surface traction</li><li>Shown: Multi-Color/Black</li><li>Style: 922811-901</li>', '160', 201801, '2018-05-12 06:22:22', '2018-05-11 23:22:22'),
(1105180033, 'LeBron Soldier XI FlyEase', '<p><b class=\"u-bold\">SUPERCHARGE EVERY STEP</b></p><br><p>The LeBron Soldier XI FlyEase Big Kids\' Basketball Shoe wraps your foot in soft, breathable mesh and locks it down with an innovative FlyEase.</p><br><p><b class=\"u-bold\">Secure Fit</b></p><p>A FlyEase closure system connects with the four hook-and-loop straps for secure lockdown and the ability to open and close the shoe – heel and all – in one fluid motion.</p><br><p><b class=\"u-bold\">Responsive Cushioning</b></p><p>Lightweight Nike Zoom Air cushioning delivers the responsiveness required for energetic drives and soft landings.</p><br><p><b class=\"u-bold\">More Details</b></p><li>Soft foam molded around the ankle for exceptional comfort</li><li>Flex grooves let the shoe flex naturally with your foot</li><li>Foam midsole for lightweight cushioning</li><li>Rubber sole provides durable, multi-surface traction</li><li>Shown: Neutral Olive/Sequoia/Hyper Crimson/Neutral Olive</li><li>Style: AJ6985-200</li>', '110', 201801, '2018-05-12 06:22:22', '2018-05-11 23:22:22'),
(1105180034, 'Kyrie 4', '<p><b class=\"u-bold\">FIND YOUR GROOVE</b></p><br><p>The Kyrie 4 Big Kids\' Basketball Shoe is ultra-flexible, responsive and supportive. It\'s designed for Kyrie Irving\'s sudden changes of direction and smooth yet rapid playing style.</p><br><p><b class=\"u-bold\">Flexible Traction </b></p><p>The Flex Groove outsole has a zigzag cutout along the bottom for excellent flexibility and traction. The sides of the sole are curved to enable smooth transitions and fast, fluid play.</p><br><p><b class=\"u-bold\">Responsive Cushioning</b></p><p>Underfoot is lightweight foam cushioning that provides soft comfort and great court feel with every move.</p><br><p><b class=\"u-bold\">Breathable Support </b></p><p>Through the forefoot, mesh keeps air flowing to help your feet stay cool. And ultralight, super-strong Flywire cables provide support during sharp cuts.</p><br><p><b class=\"u-bold\">More Details</b></p><li>Layered upper for durability</li><li>Kyrie-inspired details on the tongue</li><li>Shown: White/Multi-Color</li><li>Style: AA2897-104</li>', '100', 201801, '2018-05-12 06:22:22', '2018-05-11 23:22:22'),
(1105180035, 'Kyrie 4 Mamba', '<p><b class=\"u-bold\">DYNAMIC SUPPORT</b></p><br><p>The Kyrie 4 Mamba Big Kids\' Basketball Shoe is made for the quickest cuts and dynamic play with a lightweight upper and soft foam cushioning.</p><br><p><b class=\"u-bold\">Benefits</b></p><li>Flywire cables provide secure lockdown</li><li>Fabric and textile upper offer lightweight support</li><li>Foam midsole for lightweight cushioning</li><li>Rubber outsole provides secure traction</li><li>Shown: Black/Purple Venom/Sonic Yellow</li><li>Style: AV3597-001</li>', '100', 201801, '2018-05-12 06:22:22', '2018-05-11 23:22:22'),
(1105180036, 'PG 2', '<p><b class=\"u-bold\">LIGHTWEIGHT COMFORT AND SUPPORT</b></p><br><p>The PG 2 Big Kids\' Basketball Shoe is designed for the players who compete and play their hardest on both sides of the court. It\'s light yet strong, with a supportive strap and comfortable cushioning designed to the specification of NBA player Paul George.&nbsp;</p><br><p><b class=\"u-bold\">Lightweight Cushioning </b></p><p>Ultra-soft foam runs the length of your foot for soft, responsive cushioning on jumps and hard cuts. Extra foam at the heel and forefoot enhances support when you\'re moving side to side.</p><br><p><b class=\"u-bold\">Locked-in Stability </b></p><p>A forefoot strap provides the stability you need to move smoothly in any direction.</p><br><p><b class=\"u-bold\">Great Traction</b></p><p>A full-length&nbsp;rubber outsole with flex grooves along the bottom help with traction and movement in any direction.&nbsp;</p><br><p><b class=\"u-bold\">More Details</b></p><li>Textile and synthetic upper for durability</li><li>Rubber outsole for traction&nbsp;</li><li>Flex grooves for natural motions</li><li>Signature PG details on the midsole</li><li>Shown: Dark Obsidian/Kinetic Green/Navy</li><li>Style: 943820-400</li>', '90', 201801, '2018-05-12 06:22:22', '2018-05-11 23:22:22'),
(1105180037, 'Nike Zoom KDX LE', '<p><b class=\"u-bold\">DYNAMIC, LOCKED-IN COMFORT</b></p><br><p>With on-demand support and ultra-responsive cushioning that outperforms wherever you play, the Nike Zoom KDX LE Big Kids\' Basketball Shoe is as versatile as KD himself.</p><br><p><b class=\"u-bold\">LIGHTWEIGHT RESPONSIVENESS</b></p><p>Nike Zoom Air cushioning responds to the court beneath you to help you feel light and comfortable on your feet.</p><br><p><b class=\"u-bold\">LOCKED-IN COMFORT</b></p><p>Zoned Flyknit fabric integrates areas of lightweight breathability, stretch and support for cik-like comfort and locked-in feel.</p><br><p><b class=\"u-bold\">ON-DEMAND SUPPORT</b></p><p>Oversize laces wrap the sides of your foot to provide comfortable support when and where you need it.</p><br><p><b class=\"u-bold\">MORE DETAILS</b></p><li>Rubber sole with multidirectional traction for durability and grip</li><li>Heel and tongue pull tabs for easy on and off</li><li>Shown: Black/University Red/Metallic Gold</li><li>Style: AJ7220-076</li>', '125', 201801, '2018-05-12 06:22:22', '2018-05-11 23:22:22'),
(1105180038, 'Nike Team Hustle D 8', '<p><b class=\"u-bold\">BREATHABLE AND FAST</b></p><br><p>The Nike Team Hustle D 8 Little Kids\' Basketball Shoe features perforated panels and&nbsp;deep flex grooves to help keep you&nbsp;cool and moving naturally on the court.&nbsp;&nbsp;</p><br><p><b class=\"u-bold\">Benefits</b></p><li>Leather and mesh construction for breathable support</li><li>Midfoot strap provides a locked-in fit</li><li>Flexible foam for lightweight cushioning</li><li>Thin rubber outsole for durable traction</li><li>Flex grooves allow natural movement</li><li>Perforations enhance airflow</li><li>Shown: White/Black</li><li>Style: 881942-100</li>', '55', 201801, '2018-05-12 06:22:22', '2018-05-11 23:22:22'),
(1105180039, 'Nike Team Hustle Quick', '<p><b class=\"u-bold\">HOOPS-INSPIRED SUPPORT</b></p><br><p>With a combination of leather and mesh, the Nike Team Hustle Quick Little Kids\' Shoe delivers durable support and all-day comfort.</p><br><p><b class=\"u-bold\">Benefits</b></p><li>Leather and mesh combine for lightweight durability and support</li><li>Reinforced stitching enhances stability</li><li>Flex grooves along the sole let your foot flex naturally</li><li>Low-top design lets your ankle move naturally</li><li>Shown: Game Royal/Black/White</li><li>Style: 922681-400</li>', '50', 201801, '2018-05-12 06:22:22', '2018-05-11 23:22:22'),
(1105180040, 'Nike Zoom KDX', '<p><b class=\"u-bold\">DYNAMIC, LOCKED-IN COMFORT</b></p><br><p>With on-demand support and ultra-responsive cushioning that outperforms wherever you play, the Nike Zoom KDX Big Kids\' Basketball Shoe is as versatile as KD himself.</p><br><p><b class=\"u-bold\">Lightweight Responsiveness</b></p><p>Nike Zoom Air cushioning responds to the court beneath you to help you feel light and comfortable on your feet.</p><br><p><b class=\"u-bold\">On-Demand Support</b></p><p>Oversize laces wrap the sides of your foot to provide comfortable support when and where you need it.</p><br><p><b class=\"u-bold\">More Details</b></p><li>Rubber sole with multidirectional traction for durability and grip</li><li>Heel and tongue pull tabs for easy on and off</li><li>Shown: Racer Blue/Black/Total Crimson/Light Menta</li><li>Style: 918365-402</li><p><br><br></p>', '125', 201801, '2018-05-12 06:22:22', '2018-05-11 23:22:22'),
(1105180021, 'Nike Jr. Hypervenom Phantom III Academy Dynamic Fit FG', '<p><b class=\"u-bold\">DEADLY FINISHING</b></p><br><p>The Nike Jr. Hypervenom Phantom III Academy Little/Big Kids\' Firm-Ground Soccer Cleat is designed for opportunistic goal scorers. It&nbsp;features durable, sock-like comfort and an expanded strike zone for deadly finishing.</p><br><p><b class=\"u-bold\">Benefits</b></p><li>Dynamic Fit collar wraps your ankle for sock-like comfort</li><li>Allover texture across the upper enhances touch and durability</li><li>Asymmetrical lacing creates an expanded strike zone</li><li>Removable foam sockliner provides lightweight cushioning</li><li>Lightweight cables interact with the laces to lock down your foot when moving side to side</li><li>Firm-ground (FG) cleats for use on short-grass fields</li><li>Shown: Black/Metallic Vivid Gold</li><li>Style: AH7287-090</li>', '70', 201804, '2018-05-12 06:22:43', '2018-05-11 23:22:43'),
(1105180022, 'Nike Jr. Mercurial Superfly 360 Elite CR7 FG', '<p><b class=\"u-bold\">BORN LEADER</b></p><br><p>The&nbsp;Nike Jr. Mercurial Superfly 360 Elite CR7 Big Kids\' Firm-Ground Soccer Cleat wraps your foot for a perfect fit and exceptional ball touch, while the forefoot plate provides explosive acceleration on the field.</p><br><p><b class=\"u-bold\">Benefits</b></p><li>Foot-hugging Flyknit is snug, lightweight and breathable</li><li>Revolutionary forefoot plate delivers traction exactly where you need it.</li><li>Plush sockliner provides low-profile cushioning</li><li>Firm-ground (FG) cleats for use on short-grass fields</li><li>Shown: Clear Jade/Black/Hyper Turquoise/Metallic Vivid Gold</li><li>Style: AJ3086-390</li><br><p><b class=\"u-bold\">Flyknit Origins </b></p><p>Nike Flyknit technology was inspired by feedback from runners seeking a shoe with the snug (and virtually unnoticed) fit of a sock. Nike embarked on a four-year mission with teams of programmers, engineers and designers to create the technology needed to make the knit upper with static properties for structure and durability. Then the precise placement of support, flexibility and breathability—all in one layer—was refined. The result is a featherweight, formfitting and virtually seamless upper. This unprecedented precision maximizes performance while reducing the material waste of traditional cut and sew by an average of 60%. The equivalent of six recycled plastic bottles are used in every pair of Flyknit shoes, saving millions of pounds of material from reaching landfills.</p><br>', '185', 201804, '2018-05-12 06:22:43', '2018-05-11 23:22:43'),
(1105180023, 'Nike Jr. Superfly VI Academy CR7 MG', '<p><b class=\"u-bold\">BORN LEADER</b></p><br><p>The Nike Jr. Superfly VI Academy CR7 MG Little/Big Kids\' Multi-Ground Soccer Cleat features a low-profile Dynamic Fit collar and micro-textured upper for sock-like comfort and precise touch. A mixture of two different studs provide great traction on natural and artificial grass.</p><br><p><b class=\"u-bold\">Benefits</b></p><li>Low-profile Dynamic Fit collar fits snugly around your ankle for a sock-like feel</li><li>Micro-texture on the upper provides precise touch at high speeds</li><li>Textile and synthetic upper with sculpted arch provides comfortable support</li><li>Thin sockliner provides lightweight cushioning</li><li>Outsole wraps up the toe for added durability</li><li>Multi-ground (MG) cleats for use on short-grass or artificial surfaces</li><li>Shown: Clear Jade/Black/Hyper Turquoise/Metallic Vivid Gold</li><li>Style: AJ3111-390</li>', '75', 201804, '2018-05-12 06:22:43', '2018-05-11 23:22:43'),
(1105180024, 'Nike Jr. MercurialX Superfly VI Academy CR7', '<p><b class=\"u-bold\">BORN LEADER</b></p><br><p>The&nbsp;Nike Jr. MercurialX Superfly VI Academy CR7 Little/Big Kids\' Indoor/Court Soccer Shoe provides exceptional ball touch and comfortable, secure support that promotes acceleration and quick directional changes on the court.</p><br><p><b class=\"u-bold\">Benefits</b></p><li>Synthetic construction for comfortable support</li><li>Sockliner for lightweight cushioning to reduce cleat pressure</li><li>Indoor/Court (IC) outsole for traction on the street, court and indoor surfaces</li><li>Non-marking outsole</li><li>Shown: Clear Jade/Black/Hyper Turquoise/Metallic Vivid Gold</li><li>Style: AJ3110-390</li>', '75', 201804, '2018-05-12 06:22:43', '2018-05-11 23:22:43'),
(1105180025, 'Nike. Jr. Mercurial Superfly VI Club CR7 MG', '<p><b class=\"u-bold\">BORN LEADER</b></p><br><p>The Nike Jr. Superfly VI Club CR7 MG Little/Big Kids\' Multi-Ground Soccer Cleat features a low-profile Dynamic Fit collar and a synthetic upper that delivers precise touch. A mixture of two different studs on the outsole provide great traction on natural and artificial grass.</p><br><p><b class=\"u-bold\">Benefits</b></p><li>Low-profile Dynamic Fit collar fits snugly around your ankle for a sock-like feel</li><li>Textile and synthetic upper with sculpted arch provides comfortable support</li><li>Thin sockliner provides lightweight cushioning</li><li>Outsole wraps up the toe for added durability</li><li>Multi-ground (MG) cleats for use on short-grass or artificial surfaces</li><li>Shown: Clear Jade/Black/Hyper Turquoise/Metallic Vivid Gold</li><li>Style: AJ3115-390</li>', '55', 201804, '2018-05-12 06:22:43', '2018-05-11 23:22:43');
INSERT INTO `products` (`id`, `name`, `description`, `price`, `category_id`, `created`, `updated`) VALUES
(1105180026, 'Nike Jr. Mercurial Superfly 360 Elite FG', '<p><b class=\"u-bold\">EXPLOSIVE SPEED</b></p><br><p>The&nbsp;Nike Jr. Mercurial Superfly 360 Elite Big Kids\' Firm-Ground Soccer Cleat wraps your foot for a perfect fit and exceptional ball touch, while the forefoot plate provides explosive acceleration on the field.</p><br><p><b class=\"u-bold\">Benefits</b></p><li>Foot-hugging Flyknit is snug, lightweight and breathable</li><li>Revolutionary forefoot plate delivers traction exactly where you need it.</li><li>Plush sockliner provides low-profile cushioning</li><li>Firm-ground (FG) cleats for use on short-grass fields</li><li>Shown: Black/White/Total Orange</li><li>Style: AH7340-081</li><br><p><b class=\"u-bold\">Flyknit Origins </b></p><p>Nike Flyknit technology was inspired by feedback from runners seeking a shoe with the snug (and virtually unnoticed) fit of a sock. Nike embarked on a four-year mission with teams of programmers, engineers and designers to create the technology needed to make the knit upper with static properties for structure and durability. Then the precise placement of support, flexibility and breathability—all in one layer—was refined. The result is a featherweight, formfitting and virtually seamless upper. This unprecedented precision maximizes performance while reducing the material waste of traditional cut and sew by an average of 60%. The equivalent of six recycled plastic bottles are used in every pair of Flyknit shoes, saving millions of pounds of material from reaching landfills.</p><br>', '175', 201804, '2018-05-12 06:22:43', '2018-05-11 23:22:43'),
(1105180027, 'Nike Jr. Mercurial Vapor XII Academy MG', '<p><b class=\"u-bold\">BORN MERCURIAL</b></p><br><p>The&nbsp;Nike Jr. Mercurial&nbsp;Vapor XII Academy Little/Big Kids\' Multi-Ground Soccer Shoe wraps your foot for comfort and exceptional ball touch. The cleated outsole delivers secure traction on multiple surfaces.</p><br><p><b class=\"u-bold\">Benefits</b></p><li>Synthetic construction offers comfortable support</li><li>Sockliner for lightweight cushioning to reduce cleat pressure</li><li>Multi-ground (MG) cleats for use on short-grass or artificial surfaces</li><li>Shown: Black/White/Total Orange</li><li>Style: AH7347-081</li>', '60', 201804, '2018-05-12 06:22:43', '2018-05-11 23:22:43'),
(1105180028, 'Nike Jr. Superfly VI Academy MG', '<p><b class=\"u-bold\">PERFORMANCE ON ANY PITCH</b></p><br><p>The Nike Jr. Superfly VI Academy MG Little/Big Kids\' Multi-Ground Soccer Cleat features a low-profile Dynamic Fit collar and micro-textured upper for sock-like comfort and precise touch. A mixture of two different studs provide great traction on natural and artificial grass.</p><br><p><b class=\"u-bold\">Benefits</b></p><li>Low-profile Dynamic Fit collar fits snugly around your ankle for a sock-like feel</li><li>Micro-texture on the upper provides precise touch at high speeds</li><li>Textile and synthetic upper with sculpted arch provides comfortable support</li><li>Thin sockliner provides lightweight cushioning</li><li>Outsole wraps up the toe for added durability</li><li>Multi-ground (MG) cleats for use on short-grass or artificial surfaces</li><li>Shown: Black/White/Total Orange</li><li>Style: AH7337-081</li>', '70', 201804, '2018-05-12 06:22:43', '2018-05-11 23:22:43'),
(1105180029, 'Nike Jr. MercurialX Superfly VI Academy', '<p><b class=\"u-bold\">BORN MERCURIAL</b></p><br><p>The&nbsp;Nike Jr. MercurialX Superfly VI Academy&nbsp;Little/Big Kids\' Indoor/Court Soccer Shoe provides exceptional ball touch and comfortable, secure support that promotes acceleration and quick directional changes on the court.</p><br><p><b class=\"u-bold\">Benefits</b></p><li>Synthetic construction for comfortable support</li><li>Sockliner for lightweight cushioning to reduce cleat pressure</li><li>Indoor/Court (IC) outsole for traction on the street, court and indoor surfaces</li><li>Non-marking outsole</li><li>Shown: Total Orange/Total Orange/Volt/White</li><li>Style: AH7343-810</li>', '60', 201804, '2018-05-12 06:22:43', '2018-05-11 23:22:43'),
(1105180030, 'Nike Jr. MercurialX Vapor XII Academy MG', '<p><b class=\"u-bold\">BORN MERCURIAL</b></p><br><p>The&nbsp;Nike Jr. MercurialX Vapor XII Academy Toddler/Little Kids\' Multi-Ground Soccer Cleat wraps your foot for snug comfort on any pitch. The cleated outsole provides durable traction and stability for little feet&nbsp;on short grass or artificial surfaces.</p><br><p><b class=\"u-bold\">Benefits</b></p><li>Synthetic construction offers comfortable support</li><li>Sockliner for lightweight cushioning to reduce cleat pressure</li><li>Multi-ground (MG) cleats for use on short-grass or artificial surfaces</li><li>Shown: Black/White/Total Orange</li><li>Style: AH7349-081</li>', '55', 201804, '2018-05-12 06:22:43', '2018-05-11 23:22:43'),
(1105180011, 'Nike Force Savage Shark', '<div class=\"pi-pdpmainbody\"><p><b class=\"u-bold\">STABILITY MEETS SPEED</b></p><br><p>The Nike Force Savage Shark Little/Big Kids\' Football Cleat features a high top for durable support. Rubber cleats deliver the traction you need to accelerate and change direction quickly.</p><br><p><b class=\"u-bold\">Benefits</b></p><li>Synthetic leather and textile for durable support</li><li>High-top design with padded collar for comfort and stability</li><li>Foam midsole provides lightweight cushioning</li><li>Rubber cleat configuration for multidirectional traction</li><li>FastFlex technology in sole promotes natural motion</li><li>Shown: Black/Wolf Grey/White/White</li><li>Style: AH6425-010</li></div>', '55', 201803, '2018-05-12 06:23:00', '2018-05-11 23:23:00'),
(1105180012, 'Nike Alpha Menace Shark', '<div class=\"pi-pdpmainbody\"><p><b class=\"u-bold\">COMFORT MEETS SPEED</b></p><br><p>The&nbsp;Nike Alpha Menace Shark Little/Big Kids\' Football Cleat features a&nbsp;synthetic construction for durable support, while rubber tread delivers the traction you need to accelerate and change direction quickly.</p><br><p><b class=\"u-bold\">Benefits</b></p><li>Synthetic construction provides durable comfort</li><li>Foam cushioning for lightweight support</li><li>Rubber outsole with aggressive cleat configuration for multidirectional traction</li><li>Shown: White/Wolf Grey/Wolf Grey/Black</li><li>Style: AH6422-100</li></div>', '40', 201803, '2018-05-12 06:23:00', '2018-05-11 23:23:00'),
(1105180013, 'Nike Vapor Untouchable Shark 3', '<div class=\"pi-pdpmainbody\"><p><b class=\"u-bold\">GAME-READY FLEXIBILITY AND CUSHIONING</b></p><br><p>The Nike Vapor Untouchable Shark 3 Little/Big Kids\' Football Cleat is made with an aggressive&nbsp;cleat configuration and a flexible outsole for rapid acceleration and quick direction changes on the field. Soft foam cushions&nbsp;your foot for game-long comfort.</p><br><p><b class=\"u-bold\">Benefits</b></p><li>Nike Fast Flex outsole bends with your foot for natural movement</li><li>Synthetic leather and textile construction for support and durability</li><li>Low-top design promotes natural range of motion</li><li>Cushioned collar for comfortable ankle support</li><li>Foam cushioning delivers premium comfort</li><li>Rubber cleats provide aggressive traction</li><li>Shown: Game Royal/White/Wolf Grey/White</li><li>Style: AH8220-411</li></div>', '38', 201803, '2018-05-12 06:23:00', '2018-05-11 23:23:00'),
(1105180015, 'Nike Alpha Menace Varsity Mid', '<div class=\"pi-pdpmainbody\"><p><b class=\"u-bold\">SUPPORTIVE COMFORT. AGGRESSIVE TRACTION.</b></p><br><p>The Nike Alpha Menace Varsity Mid Little/Big Kids\' Football Cleat&nbsp;features lightweight synthetic construction for durable support, while conical and pyramid cleats deliver the traction you need to accelerate and change direction quickly.</p><br><p><b class=\"u-bold\">Benefits</b></p><li>Lightweight synthetic construction for durable comfort</li><li>Mid-height collar offers ankle support and a snug fit</li><li>Phylon foam provides lightweight cushioning</li><li>Molded plastic plate with aggressive cleat configuration for durable traction</li><li>Shown: White/Metallic Silver/Wolf Grey/Black</li><li>Style: 880136-104</li></div>', '65', 201803, '2018-05-12 06:23:00', '2018-05-11 23:23:00'),
(1105180016, 'Nike Vapor Shark 2', '<div class=\"pi-pdpmainbody\"><p><b class=\"u-bold\">UNLEASH YOUR POWER</b></p><br><p>The&nbsp;Nike Vapor Shark 2 Little/Big Kids\' Football Cleat is made with an aggressive cleat configuration and Fast Flex technology for rapid acceleration and lightning-quick changes of direction during play.</p><br><p><b class=\"u-bold\">Benefits</b></p><li>Strategically placed cleats move with Nike Fast Flex technology</li><li>Full-length Phylon midsole offers responsive cushioning</li><li>Synthetic leather upper offers a lightweight feel</li><li>Shown: White/Wolf Grey/Multi-Color</li><li>Style: 833388-192</li></div>', '35', 201803, '2018-05-12 06:23:00', '2018-05-11 23:23:00'),
(1105180017, 'Nike Alpha Menace Shark (Wide)', '<div class=\"pi-pdpmainbody\"><p><b class=\"u-bold\">COMFORT MEETS SPEED</b></p><br><p>The&nbsp;Nike Alpha Menace Shark Little/Big Kids\' Football Cleat features a&nbsp;synthetic and textile upper for durable support, while a rubber tread delivers the traction you need to accelerate and change direction quickly.</p><br><p><b class=\"u-bold\">Benefits</b></p><li>Synthetic and textile upper for durable comfort</li><li>Foam cushioning for lightweight support</li><li>Rubber outsole with aggressive cleat configuration for multidirectional traction</li><li>Shown: Black/White/White</li><li>Style: 902510-011</li></div>', '40', 201803, '2018-05-12 06:23:00', '2018-05-11 23:23:00'),
(1105180018, 'Nike Vapor Shark 3', '<div class=\"pi-pdpmainbody\"><p><b class=\"u-bold\">FASTER CUTS, PREMIUM COMFORT.</b></p><br><p>The Nike Vapor Shark 3 Little/Big Kids\' Football Cleat is made with an speed-first cleat configuration and Fast Flex technology for rapid acceleration and lightning-quick changes of direction. Full-length foam cushions your foot for comfort throughout the game.&nbsp;</p><br><p><b class=\"u-bold\">Benefits</b></p><li>Strategically placed cleats move with Nike Fast Flex technology</li><li>Synthetic leather for support and durability</li><li>Full-length foam cushioning for premium comfort</li><li>Low-top design for a natural range of motion</li><li>Cushioned collar for comfortable ankle support</li><li>Shown: White/Total Orange/Black</li><li>Style: 917171-109</li></div>', '38', 201803, '2018-05-12 06:23:00', '2018-05-11 23:23:00'),
(1105180001, 'Nike Air Max 270', '<div class=\"pi-pdpmainbody\"><p><b class=\"u-bold\">BIG AIR</b></p><br><p>The&nbsp;Nike Air Max 270 Big Kids\' Shoe is inspired by two icons of Air: the Air Max 180 and Air Max 93. It features Nike\'s biggest heel Air unit yet for a super-soft ride that feels as impossible as it looks.</p><br><p><b class=\"u-bold\">FLEXIBLE AND BREATHABLE</b></p><p>The shoe\'s bootie construction feels snug and flexes with your foot. It\'s made with solid and mesh areas, giving you structure and ventilation where you need them most.</p><br><p><b class=\"u-bold\">SUPER-SOFT CUSHIONING</b></p><p>A dual-density foam sole and large Max Air heel unit deliver plush cushioning for casual, everyday comfort.</p><br><p><b class=\"u-bold\">MORE DETAILS</b></p><p><br></p><li>Mesh and synthetic upper for comfort and support</li><li>Flex grooves in the sole let your foot bend naturally</li><li>Asymmetrical lacing for a secure fit</li><li>Plastic heel counter stabilizes your foot</li><li>Heel pull tab for easy on and off</li><li>Solid rubber outsole at forefoot, clear rubber at heel</li><li>Shown: Racer Blue/Black/Hyper Crimson</li><li>Style: 943345-401</li><br><p></p><br><p><b class=\"u-bold\">Nike Air Max Origins</b></p><p>Nike\'s revolutionary Air-Sole unit made its way into Nike footwear in 1978. In 1987, the Nike Air Max 1 debuted with visible air in its heel, allowing fans more than just the feel of Air-Sole comfort—suddenly they could see it. Since then, next-generation Nike Air Max shoes have become a hit with athletes and collectors by offering striking color combinations and reliable, lightweight cushioning.</p><br></div>', '120', 201805, '2018-05-12 06:23:21', '2018-05-11 23:23:21'),
(1105180002, 'Nike Air Force 1 LV8', '<div class=\"pi-pdpmainbody\"><p><b class=\"u-bold\">THE HOOPS ORIGINAL, REIMAGINED.<br></b></p><br><p>The ’82 classic taken to the next level, the leather low-top Nike Air Force 1 LV8 Big Kids\' Shoe&nbsp;features premium trims and updated design details.</p><br><p><b class=\"u-bold\">Benefits</b></p><li>Genuine leather, synthetic leather or textile upper depending on color</li><li>Foam cushioning with Nike Air for lightweight comfort</li><li>Rubber sole for durability and traction</li><li>Shown: Summit White/Summit White/Summit White</li><li>Style: 820438-110</li><br><p><b class=\"u-bold\">Air Force 1 Origins </b></p>Transcending foot coverage since 1982, this once hoops shoe was named after Air Force One—the aircraft that carries the U.S. President. It was the first basketball shoe to house Nike Air, revolutionizing the game for players like Moses Malone and Charles Barkley while rapidly gaining traction around the world, from the hardwood to the blacktop to the core of hip-hop culture. Today the Air Force 1 stays true to its roots with soft, springy cushioning and a massive midsole, but the Nike Air technology takes a backseat to the shoe’s status as an icon.</div>', '85', 201805, '2018-05-12 06:23:21', '2018-05-11 23:23:21'),
(1105180003, 'Nike Air Max 95 SE', '<div class=\"pi-pdpmainbody\"><p><b class=\"u-bold\">CLASSIC DESIGN. MAXIMUM CUSHIONING.</b></p><br><p>The Nike Air Max 95 SE Big Kids\' Shoe combines supportive overlays with plush cushioning for lightweight, all-day comfort.</p><br><p><b class=\"u-bold\">Benefits</b></p><li>Visible Max Air unit in the heel for lightweight cushioning</li><li>Premium upper materials vary by color</li><li>Synthetic leather overlays for support and durability</li><li>Full-length foam cushioning for durability, stability and cushioning</li><li>Rubber outsole provides traction</li><li>Shown: Black/Summit White</li><li>Style: 922173-002</li><br><p><b class=\"u-bold\">Nike Air Max Origins</b></p><p>Nike\'s revolutionary Air-Sole unit made its way into Nike footwear in 1978. In 1987, the Nike Air Max 1 debuted with visible air in its heel, allowing fans more than just the feel of Air-Sole comfort—suddenly they could see it. Since then, next-generation Nike Air Max shoes have become a hit with athletes and collectors by offering striking color combinations and reliable, lightweight cushioning.</p><br></div>', '110', 201805, '2018-05-12 06:23:21', '2018-05-11 23:23:21'),
(1105180004, 'Nike Cortez Basic SL', '<div class=\"pi-pdpmainbody\"><p><b class=\"u-bold\">BACK TO THE BASICS</b></p><br><p>The Nike Cortez Basic SL Big Kids\' Shoe stays true to the original 1972 design. It\'s built with synthetic leather for durability and lightweight cushioning for comfort.</p><br><p><b class=\"u-bold\">Benefits</b></p><li>Synthetic leather for comfort and durability</li><li>Foam sole for lightweight cushioning</li><li>Rubber outsole with herringbone pattern for traction</li><li>Shown: White/Varsity Royal/Black/Varsity Red</li><li>Style: 904764-103</li><br><p><b class=\"u-bold\">Cortez Origins</b></p><p>The Nike Cortez was Bill Bowerman\'s first masterpiece, built to be lighter and more weatherproof than any other shoe. In 1972, it put unprecedented cushioning under the fastest feet in the running world and quickly became the most popular training shoe in the country. It was an unmistakable icon—a walking billboard that told your story and declared your affiliation—and came to thrive with fierce style on the streets of Los Angeles. Since then, no shoe has expanded the definition of a running shoe quite like the Nike Cortez.</p><br></div>', '60', 201805, '2018-05-12 06:23:21', '2018-05-11 23:23:21'),
(1105180005, 'Nike Air Max 1', '<div class=\"pi-pdpmainbody\"><p><b class=\"u-bold\">AN ICON, REBORN</b></p><br><p>The one that started it all back in 1987 is back with the Nike Air Max 1 Big Kids\' Shoe, continuing&nbsp;the tradition of cushioning you can see and feel.</p><br><p><b class=\"u-bold\">Benefits</b></p><li>Leather and synthetic leather upper for durability and support</li><li>Flexible foam Waffle midsole has strategic rubber outsole sections for traction</li><li>Visible Air-Sole unit in the heel for maximum impact protection</li><li>Low-cut collar enhances mobility around the ankle</li><li>Flex grooves for a natural ride</li><li>Shown: White/Metallic Gold/Racer Blue/White</li><li>Style: 807605-103</li><br><p><b class=\"u-bold\">Nike Air Max Origins </b></p>Nike\'s revolutionary Air-Sole unit made its way into Nike footwear in the late \'70s. In 1987, the Nike Air Max 1 debuted with visible air in its heel, allowing fans more than just the feel of Air-Sole comfort—suddenly they could see it. Since then, next-generation Nike Air Max shoes have become a hit with athletes and collectors by offering striking color combinations and reliable, lightweight cushioning.</div>', '90', 201805, '2018-05-12 06:23:21', '2018-05-11 23:23:21'),
(1105180006, 'Nike Air Force 1 LV8 UV', '<div class=\"pi-pdpmainbody\"><p><b class=\"u-bold\">LEGENDARY STYLE, ELEVATED.</b></p><br><p>The legend lives on in the Nike Air Force 1 LV8 UV&nbsp;Little Kids\' Shoe, a modern take on the icon that blends classic style and fresh, crisp details. This special edition sets itself apart with elevated design elements.</p><br><p><b class=\"u-bold\">Benefits</b></p><li>Synthetic leather and textile for supportive comfort</li><li>Encapsulated Air-Sole unit for lightweight cushioning</li><li>Rubber outsole for traction and durability</li><li>Shown: Volt/Moss/White/Black</li><li>Style: AO2287-700</li><br><p><b class=\"u-bold\">Air Force 1 Origins</b></p><p>This once hoops shoe was named after Air Force One—the aircraft that carries the U.S. President. In 1982, it was the first basketball shoe to house Nike Air, revolutionizing the game while rapidly gaining traction around the world, from the hardwood, to the blacktop, to the core of hip-hop culture. Today, the Air Force 1 stays true to its roots with soft, springy cushioning, but the Nike Air technology takes a backseat to the shoe’s status as an icon.</p><br></div>', '65', 201805, '2018-05-12 06:23:21', '2018-05-11 23:23:21'),
(1105180007, 'Nike Air Force 270', '<div class=\"pi-pdpmainbody\"><p><b class=\"u-bold\">FEEL BIG AIR</b></p><br><p>The Nike Air Force 270 Big Kids\' Shoe amps up an icon with a visible Max Air unit nearly twice the size of the 1992 original for comfort in every step.</p><br><p><b class=\"u-bold\">FLEXIBLE AND BREATHABLE</b></p><p>The shoe\'s bootie construction feels snug and flexes with your foot.</p><br><p><b class=\"u-bold\">SUPER-SOFT CUSHIONING</b></p><p>A dual-density foam sole and large Max Air heel unit deliver plush cushioning for casual, everyday comfort.</p><br><p><b class=\"u-bold\">More Details</b></p><li>Leather, fabric and textile upper for support</li><li>Midfoot strap for secure lockdown. Release with contrasting pull tab.&nbsp;</li><li>Heel pull tab for easy on and off</li><li>Solid rubber outsole at forefoot, clear rubber at heel</li><li>Shown: Medium Olive/Total Orange/Black</li><li>Style: AJ8208-200</li></div>', '145', 201805, '2018-05-12 06:23:21', '2018-05-11 23:23:21'),
(1105180008, 'Nike Air Huarache Ultra', '<div class=\"pi-pdpmainbody\"><p><b class=\"u-bold\">THE CLASSIC, LIGHTER THAN EVER.</b></p><br><p>The Nike Air Huarache Ultra&nbsp;Big Kids\' Shoe&nbsp;takes the classic to new levels of comfort with a combination midsole/outsole that drastically reduces the overall weight of the shoe.&nbsp;</p><br><p><b class=\"u-bold\">Benefits</b></p><li>Inner sleeve for snug fit</li><li>Foam sole with internal Nike Air cushioning for lightweight comfort</li><li>Molded heel piece provides a flexible, locked-in feel</li><li>Waffle outsole pattern with rubber pods for durable traction</li><li>Strategically placed rubber pods for traction and durability</li><li>Shown: White/White/White</li><li>Style: 847569-100</li></div>', '95', 201805, '2018-05-12 06:23:21', '2018-05-11 23:23:21'),
(1105180009, 'Nike Huarache City', '<div class=\"pi-pdpmainbody\"><p><b class=\"u-bold\">STRAPPED-IN COMFORT</b></p><br><p>The Nike Huarache City Big Kids\' Shoe updates the \'91 classic with crisscross straps that comfortably support your foot.</p><br><p><b class=\"u-bold\">Benefits</b></p><li>Textile, leather and synthetic leather for comfort and durability</li><li>Branded straps cross over and around the back of the heel for stability</li><li>Heel cage supports your foot and provides a classic look</li><li>Foam cushioning provides lightweight comfort</li><li>Large pull loops allow for easy on and off</li><li>Rubber pods in high-wear areas for durability</li><li>Shown: Pure Platinum/Obsidian/Kinetic Green/Blue Nebula</li><li>Style: AJ6662-001</li><br><p><b class=\"u-bold\">Air Huarache Origins</b></p>Designed by Tinker Hatfield and released in 1991, the Nike Air Huarache shook up the running world. The lining of the shoe was created to act as an exoskeleton for the athlete, molding to the shape of the foot and ankle. The shoe was such a hit that it soon found its way to basketball courts and subsequently the streets, where it earned its status as an icon.</div>', '120', 201805, '2018-05-12 06:23:21', '2018-05-11 23:23:21'),
(1105180010, 'Nike Air Max 90 Leather', '<div class=\"pi-pdpmainbody\"><p><b class=\"u-bold\">A COMFORTABLE CLASSIC</b></p><br><p>The Nike Air Max 90 Leather&nbsp;Big Kids\' Shoe features a leather upper and a visible Max Air unit in the heel for durability and outstanding cushioning.</p><br><p><b class=\"u-bold\">Benefits</b></p><li>Full-grain and synthetic leather overlays for durable support</li><li>Cushioned collar offer lasting comfort</li><li>Injected unit sole with Air Max unit in heel for lightweight cushioning</li><li>Rubber pods at outsole for traction and durability</li><li>Deep flex grooves allow natural movement</li><li>Shown: White/White</li><li>Style: 833412-100</li><br><p><b class=\"u-bold\">Nike Air Max Origins</b></p>Nike\'s revolutionary Air-Sole unit made its way into Nike footwear in the late \'70s. In 1987, the Nike Air Max 1 debuted with visible air in its heel, allowing fans more than just the feel of Air-Sole comfort—suddenly they could see it. Since then, next-generation Nike Air Max shoes have become a hit with athletes and collectors by offering striking color combinations and reliable, lightweight cushioning.</div>', '90', 201805, '2018-05-12 06:23:21', '2018-05-11 23:23:21');

-- --------------------------------------------------------

--
-- Table structure for table `product_item`
--

CREATE TABLE `product_item` (
  `id` int(11) NOT NULL,
  `color` varchar(32) NOT NULL,
  `size` varchar(32) NOT NULL,
  `images` text,
  `product_id` int(11) NOT NULL,
  `created` datetime NOT NULL,
  `updated` timestamp NOT NULL DEFAULT CURRENT_TIMESTAMP
) ENGINE=MyISAM DEFAULT CHARSET=latin1;

--
-- Dumping data for table `product_item`
--

INSERT INTO `product_item` (`id`, `color`, `size`, `images`, `product_id`, `created`, `updated`) VALUES
(51100001, '1101', '7, 8, 8.5,9, 9.5, 10, 11, 12', 'qvt18ljh90imcmsaho0u-air-max-270-big-kids-shoe-xqTPRWZZ.jpg, jpuagmrnmwlr0hgaopjz-air-max-270-big-kids-shoe-xqTPRWZZ.jpg, wqo4coqwnabxfzzzhohj-air-max-270-big-kids-shoe-xqTPRWZZ.jpg, pyh4xmdbtplhaj3q2gt7-air-max-270-big-kids-shoe-xqTPRWZZ.jpg, aj6duojvescexdnqpx0u-air-max-270-big-kids-shoe-xqTPRWZZ.jpg, pbomibjl7ml3aiwbefer-air-max-270-big-kids-shoe-xqTPRWZZ.jpg', 1105180001, '2018-05-12 10:50:09', '2018-05-12 03:50:09'),
(51100002, '1102', '7, 8, 8.5,9, 9.5, 10, 11, 13', 'y1dpt8xudxfhp8lwnfkg-air-max-270-big-kids-shoe-xqTPRWZZ.jpg, i5l7ijezmmtpsyhfymu9-air-max-270-big-kids-shoe-xqTPRWZZ.jpg, igyp2v5ctwp0sicy3wej-air-max-270-big-kids-shoe-xqTPRWZZ.jpg, mstzdortivln6ssbnzyx-air-max-270-big-kids-shoe-xqTPRWZZ.jpg, rcvmmwembrxaao9l0vpa-air-max-270-big-kids-shoe-xqTPRWZZ.jpg, y6ajna5vapnxpbu7qxiv-air-max-270-big-kids-shoe-xqTPRWZZ.jpg', 1105180001, '2018-05-12 10:50:09', '2018-05-12 03:50:09'),
(51100003, '1103', '7, 8, 8.5,9, 9.5, 10, 11, 14', 'rjtdh71e102gw2ixm27g-air-max-270-big-kids-shoe-xqTPRWZZ.jpg, apkvtwlx6zufsrungwbv-air-max-270-big-kids-shoe-xqTPRWZZ.jpg, ylbcugkr6mlanq9vq7tc-air-max-270-big-kids-shoe-xqTPRWZZ.jpg, u2v85vkp778shonutvqj-air-max-270-big-kids-shoe-xqTPRWZZ.jpg, e1ax1hxuuz2qwi2o6ixr-air-max-270-big-kids-shoe-xqTPRWZZ.jpg, y5uzsnxvnha5zvpeujzd-air-max-270-big-kids-shoe-xqTPRWZZ.jpg, efp8d6pmsq9ucjiax3p4-air-max-270-big-kids-shoe-xqTPRWZZ.jpg', 1105180001, '2018-05-12 10:50:09', '2018-05-12 03:50:09'),
(51100004, '1104', '7, 8, 8.5,9, 9.5, 10, 11, 15', 'auqb8busmbrkkbl7r4b0-air-max-270-big-kids-shoe-xqTPRWZZ.jpg, wevs2jlrsydqiyqpbjia-air-max-270-big-kids-shoe-xqTPRWZZ.jpg, gl8lsmzs68npquspb16u-air-max-270-big-kids-shoe-xqTPRWZZ.jpg, vzdmuxah6hswj8bfvzez-air-max-270-big-kids-shoe-xqTPRWZZ.jpg, bkc1izn3mwqqqscdxxfa-air-max-270-big-kids-shoe-xqTPRWZZ.jpg, lwmeoynjhf1dzm4tw26h-air-max-270-big-kids-shoe-xqTPRWZZ.jpg, zkh7mz5q6z7csthex1rj-air-max-270-big-kids-shoe-xqTPRWZZ.jpg, t_PDP_LOADING_v1-f_auto-g2uvezygx5bv1kqhpo9m-air-max-270-big-kids-shoe-xqTPRWZZ.jpg, g2uvezygx5bv1kqhpo9m-air-max-270-big-kids-shoe-xqTPRWZZ.jpg, t_PDP_LOADING_v1-f_auto-i76jysljaeo6dir3byus-air-max-270-big-kids-shoe-xqTPRWZZ.jpg, i76jysljaeo6dir3byus-air-max-270-big-kids-shoe-xqTPRWZZ.jpg', 1105180001, '2018-05-12 10:50:09', '2018-05-12 03:50:09'),
(51100005, '1105', '7, 8, 8.5,9, 9.5, 10, 11, 16', 'eupaxp74icbuzxrejtb5-air-max-270-big-kids-shoe-xqTPRWZZ.jpg, dsotozjylnpqd2zvduma-air-max-270-big-kids-shoe-xqTPRWZZ.jpg, nj5vryxltdacxgxxjudp-air-max-270-big-kids-shoe-xqTPRWZZ.jpg, mystarfawxbef6m1ijgk-air-max-270-big-kids-shoe-xqTPRWZZ.jpg, zuixjngq5nqjljv9p5gn-air-max-270-big-kids-shoe-xqTPRWZZ.jpg, ts263mkakgvxig8b2jhk-air-max-270-big-kids-shoe-xqTPRWZZ.jpg', 1105180001, '2018-05-12 10:50:09', '2018-05-12 03:50:09'),
(51100006, '1106', '7, 8, 8.5,9, 9.5, 10, 11, 17', 'iybz0uqsuea9pc3cbpxa-air-max-270-big-kids-shoe-xqTPRWZZ.jpg, lstmoqkecnj3xw6vqzrr-air-max-270-big-kids-shoe-xqTPRWZZ.jpg, phlbggal9nuewieyhqfd-air-max-270-big-kids-shoe-xqTPRWZZ.jpg, ufzy2ed5y0b8xnen2hoe-air-max-270-big-kids-shoe-xqTPRWZZ.jpg, w2kdtbnorfew0yc3z5nl-air-max-270-big-kids-shoe-xqTPRWZZ.jpg, soyu9roe5astrgdbdsv6-air-max-270-big-kids-shoe-xqTPRWZZ.jpg', 1105180001, '2018-05-12 10:50:09', '2018-05-12 03:50:09'),
(51100007, '1107', '7, 8, 8.5,9, 9.5, 10, 11, 18', 'kffvmyaipha36tigggmv-air-max-270-big-kids-shoe-xqTPRWZZ.jpg, ztldbq0xywpi2j5esluh-air-max-270-big-kids-shoe-xqTPRWZZ.jpg, zji0rh4jqgwi8lqc4fdx-air-max-270-big-kids-shoe-xqTPRWZZ.jpg, zasizaoc9gpyqnevdkt4-air-max-270-big-kids-shoe-xqTPRWZZ.jpg, fa11kbxlqiu92mfmfsww-air-max-270-big-kids-shoe-xqTPRWZZ.jpg, um7a4wcld5digniytixw-air-max-270-big-kids-shoe-xqTPRWZZ.jpg, pmqio3pxzcg5dqodwbr8-air-max-270-big-kids-shoe-xqTPRWZZ.jpg', 1105180001, '2018-05-12 10:50:09', '2018-05-12 03:50:09'),
(51100008, '1103', '7, 8, 8.5,9, 9.5, 10, 11, 19', 'vm0k7yoinyytm9kimzpf-air-force-1-lv8-big-kids-shoe-2KT2jrVX.jpg, ilrhxmfaioo7ukat9o90-air-force-1-lv8-big-kids-shoe-2KT2jrVX.jpg, zfyxy8zdimlto6oifi2d-air-force-1-lv8-big-kids-shoe-2KT2jrVX.jpg, iqqxe9k6dahy6tzfbbqi-air-force-1-lv8-big-kids-shoe-2KT2jrVX.jpg, hoiwcnxeek7gvxqvibou-air-force-1-lv8-big-kids-shoe-2KT2jrVX.jpg, qyqtuezusz5nfupwdq3s-air-force-1-lv8-big-kids-shoe-2KT2jrVX.jpg', 1105180002, '2018-05-12 10:50:09', '2018-05-12 03:50:09'),
(51100009, '1104', '7, 8, 8.5,9, 9.5, 10, 11, 20', 'lg8h0hg2habk5gfgoplb-air-force-1-lv8-big-kids-shoe-2KT2jrVX.jpg, wmi5uv3shxopzbittyxu-air-force-1-lv8-big-kids-shoe-2KT2jrVX.jpg, ngg14lmvobkfbpiw7m6d-air-force-1-lv8-big-kids-shoe-2KT2jrVX.jpg, k2c4atvuog92hoc7aers-air-force-1-lv8-big-kids-shoe-2KT2jrVX.jpg, hbalmylnbbxzpaixerge-air-force-1-lv8-big-kids-shoe-2KT2jrVX.jpg, t_PDP_LOADING_v1-f_auto-bfxpbw80bnwfaeooywqk-air-force-1-lv8-big-kids-shoe-2KT2jrVX.jpg, bfxpbw80bnwfaeooywqk-air-force-1-lv8-big-kids-shoe-2KT2jrVX.jpg', 1105180002, '2018-05-12 10:50:09', '2018-05-12 03:50:09'),
(51100010, '1108', '7, 8, 8.5,9, 9.5, 10, 11, 21', 'skwdne2zwsyrcrjktxau-air-force-1-lv8-nba-big-kids-shoe-2KT2jrVX.jpg, kcahdzqt1khfef3hrdpd-air-force-1-lv8-nba-big-kids-shoe-2KT2jrVX.jpg, a2ayrrvkfcas9rpmwjmx-air-force-1-lv8-nba-big-kids-shoe-2KT2jrVX.jpg, bglh3jfz7qdwnxjht2or-air-force-1-lv8-nba-big-kids-shoe-2KT2jrVX.jpg, pc7mhyr1skd9vatdt21q-air-force-1-lv8-nba-big-kids-shoe-2KT2jrVX.jpg, n9njxug81vt8czkppkmk-air-force-1-lv8-nba-big-kids-shoe-2KT2jrVX.jpg, mxc1i6cymgtorefxk3vj-air-force-1-lv8-nba-big-kids-shoe-2KT2jrVX.jpg', 1105180002, '2018-05-12 10:50:09', '2018-05-12 03:50:09'),
(51100011, '1104', '7, 8, 8.5,9, 9.5, 10, 11, 22', 'tklojuvdaxahysltovc4-air-max-95-se-big-kids-shoe-JGLBnV.jpg, meglzzyouyioygrv3gmb-air-max-95-se-big-kids-shoe-JGLBnV.jpg, rc6h73ylyfetll2yaief-air-max-95-se-big-kids-shoe-JGLBnV.jpg, nqc4qybo4ksgucipbynh-air-max-95-se-big-kids-shoe-JGLBnV.jpg, lutebfortwudjnf5wvgx-air-max-95-se-big-kids-shoe-JGLBnV.jpg, fy4dvfa8obryn5gioozj-air-max-95-se-big-kids-shoe-JGLBnV.jpg', 1105180003, '2018-05-12 10:50:09', '2018-05-12 03:50:09'),
(51100012, '1109', '7, 8, 8.5,9, 9.5, 10, 11, 23', 'tjiuvglldo14s2u8jr1f-air-max-95-se-big-kids-shoe-JGLBnV.jpg, al4taayc5wmetoukszls-air-max-95-se-big-kids-shoe-JGLBnV.jpg, lf6efvi9dug8u08wl4uk-air-max-95-se-big-kids-shoe-JGLBnV.jpg, tozszzvyunixvl0fgane-air-max-95-se-big-kids-shoe-JGLBnV.jpg, l4zgdazyx8qj5ekqgbrq-air-max-95-se-big-kids-shoe-JGLBnV.jpg, ocrs9dbxufj6dxmkel9v-air-max-95-se-big-kids-shoe-JGLBnV.jpg', 1105180003, '2018-05-12 10:50:09', '2018-05-12 03:50:09'),
(51100013, '1103', '7, 8, 8.5,9, 9.5, 10, 11, 24', 'ttqgtjidc8hnf8ojhk2t-air-max-95-se-big-kids-shoe-JGLBnV.jpg, accb6azl1lbalvcezuuw-air-max-95-se-big-kids-shoe-JGLBnV.jpg, phdaep4qyoinbxpckyao-air-max-95-se-big-kids-shoe-JGLBnV.jpg, j5rv9yhuc6gpttgu9tzl-air-max-95-se-big-kids-shoe-JGLBnV.jpg, h5offnw9s3ifzoituky9-air-max-95-se-big-kids-shoe-JGLBnV.jpg, hzelmwkdcc8n4hk8goas-air-max-95-se-big-kids-shoe-JGLBnV.jpg', 1105180003, '2018-05-12 10:50:09', '2018-05-12 03:50:09'),
(51100014, '1108', '7, 8, 8.5,9, 9.5, 10, 11, 25', 'mksnzvsllmy8pej7qm2b-cortez-basic-sl-big-kids-shoe-P3OXWg.jpg, kiystixrvoz0mpo16pcr-cortez-basic-sl-big-kids-shoe-P3OXWg.jpg, vvwzrss9zpmif8ekklna-cortez-basic-sl-big-kids-shoe-P3OXWg.jpg, xd8chufwjzsmpg0v6exc-cortez-basic-sl-big-kids-shoe-P3OXWg.jpg, yswbm3iyq7z3mspyb5rf-cortez-basic-sl-big-kids-shoe-P3OXWg.jpg, shekp29vbctkgbobfcxm-cortez-basic-sl-big-kids-shoe-P3OXWg.jpg', 1105180004, '2018-05-12 10:50:09', '2018-05-12 03:50:09'),
(51100015, '1107', '7, 8, 8.5,9, 9.5, 10, 11, 26', 'men6upjxkgu6dvv2sayh-cortez-basic-sl-big-kids-shoe-P3OXWg.jpg, y316lhucfig3mrxm6cwo-cortez-basic-sl-big-kids-shoe-P3OXWg.jpg, yyjp1hd2dk7xld4dxiky-cortez-basic-sl-big-kids-shoe-P3OXWg.jpg, l5ddafdlpeleky0pibz7-cortez-basic-sl-big-kids-shoe-P3OXWg.jpg, gicbv2c0arhpg7oxhhqb-cortez-basic-sl-big-kids-shoe-P3OXWg.jpg, rxwkyyzmg8tknsuwep9t-cortez-basic-sl-big-kids-shoe-P3OXWg.jpg', 1105180004, '2018-05-12 10:50:09', '2018-05-12 03:50:09'),
(51100016, '1104', '7, 8, 8.5,9, 9.5, 10, 11, 27', 'n4t4zhpvsdgwvabck8cf-cortez-basic-sl-big-kids-shoe-P3OXWg.jpg, tnud9fkfqlua6uh5emga-cortez-basic-sl-big-kids-shoe-P3OXWg.jpg, ul3bo3ggi2ecyb7raynl-cortez-basic-sl-big-kids-shoe-P3OXWg.jpg, js0xts0ui6wgo4phih1e-cortez-basic-sl-big-kids-shoe-P3OXWg.jpg, ffakpvl3swvan1ldjbap-cortez-basic-sl-big-kids-shoe-P3OXWg.jpg, jpt1m1fkudix9lwfpovt-cortez-basic-sl-big-kids-shoe-P3OXWg.jpg', 1105180004, '2018-05-12 10:50:09', '2018-05-12 03:50:09'),
(51100017, '1103', '7, 8, 8.5,9, 9.5, 10, 11, 28', 'd0wf3tbbp55wefd6fdkq-cortez-basic-sl-big-kids-shoe-P3OXWg.jpg, nyh0bzbhdzlfia4ds7yd-cortez-basic-sl-big-kids-shoe-P3OXWg.jpg, ajj8gvkwfp9cslophzye-cortez-basic-sl-big-kids-shoe-P3OXWg.jpg, qa4nrowq8xm5w0ru6p0c-cortez-basic-sl-big-kids-shoe-P3OXWg.jpg, ukeyzqwqwxxfvatxj5yd-cortez-basic-sl-big-kids-shoe-P3OXWg.jpg, w0p7hxc55kbxjblmupvp-cortez-basic-sl-big-kids-shoe-P3OXWg.jpg', 1105180004, '2018-05-12 10:50:09', '2018-05-12 03:50:09'),
(51100018, '1109', '7, 8, 8.5,9, 9.5, 10, 11, 29', 'r81inmzwivbdrbz9asbs-cortez-basic-sl-big-kids-shoe-P3OXWg.jpg, rljlha8psuayhec02670-cortez-basic-sl-big-kids-shoe-P3OXWg.jpg, nylfmjwrya0jw5dhh6da-cortez-basic-sl-big-kids-shoe-P3OXWg.jpg, j5vytwbxrwirpoldwscg-cortez-basic-sl-big-kids-shoe-P3OXWg.jpg, zd3rddnlaibauerk32h6-cortez-basic-sl-big-kids-shoe-P3OXWg.jpg, uol7ezrsrzel7ce3uo2m-cortez-basic-sl-big-kids-shoe-P3OXWg.jpg, zg7qay16cyvuvzrglfyb-cortez-basic-sl-big-kids-shoe-P3OXWg.jpg', 1105180004, '2018-05-12 10:50:09', '2018-05-12 03:50:09'),
(51100019, '1110', '7, 8, 8.5,9, 9.5, 10, 11, 30', 'rnj7osrqkbylivv38pwx-air-max-1-35y-7y-big-kids-shoe-PFRZMb.jpg, egwtlcflxt3rhrz3mmwa-air-max-1-35y-7y-big-kids-shoe-PFRZMb.jpg, xpnho59rdubwxatxduq2-air-max-1-35y-7y-big-kids-shoe-PFRZMb.jpg, utqbkrbqf8gno0jcdp9n-air-max-1-35y-7y-big-kids-shoe-PFRZMb.jpg, pnt8h5d372eapviglbwd-air-max-1-35y-7y-big-kids-shoe-PFRZMb.jpg, i7tkbgmxbzxudri0snbx-air-max-1-35y-7y-big-kids-shoe-PFRZMb.jpg', 1105180005, '2018-05-12 10:50:09', '2018-05-12 03:50:09'),
(51100021, '1103', '7, 8, 8.5,9, 9.5, 10, 11, 32', 'ebolxogix8yepwywetto-air-max-1-big-kids-shoe-PFRZMb.jpg, mzqijmkwfjrvrru1dnbz-air-max-1-big-kids-shoe-PFRZMb.jpg, c4n4lasugzahgciddmdc-air-max-1-big-kids-shoe-PFRZMb.jpg, opokkhdf68ggf0ogac4r-air-max-1-big-kids-shoe-PFRZMb.jpg, w0c7fkr2h9da6tqu4maw-air-max-1-big-kids-shoe-PFRZMb.jpg, i8s8tmieubkq8bzvfbwu-air-max-1-big-kids-shoe-PFRZMb.jpg', 1105180005, '2018-05-12 10:50:09', '2018-05-12 03:50:09'),
(51100022, '1108', '7, 8, 8.5,9, 9.5, 10, 11, 33', 'qrvjjpchhqk5cz1s6axh-air-max-1-big-kids-shoe-PFRZMb.jpg, bbt64rcc4t0sygrveskz-air-max-1-big-kids-shoe-PFRZMb.jpg, hiz2cdjtph90zvlbsker-air-max-1-big-kids-shoe-PFRZMb.jpg, snqwyddlzd34tlaf9l7g-air-max-1-big-kids-shoe-PFRZMb.jpg, amotsyo1diwwwbkgzbu3-air-max-1-big-kids-shoe-PFRZMb.jpg, hcgji229gajulyrj7ww8-air-max-1-big-kids-shoe-PFRZMb.jpg', 1105180005, '2018-05-12 10:50:09', '2018-05-12 03:50:09'),
(51100023, '1106', '7, 8, 8.5,9, 9.5, 10, 11, 34', 'xgwdd9qth0gdgtsjs7wa-air-max-1-big-kids-shoe-PFRZMb.jpg, l9bax9ftuxgourafhr2h-air-max-1-big-kids-shoe-PFRZMb.jpg, malxzkypwrg38fyvhxfw-air-max-1-big-kids-shoe-PFRZMb.jpg, e8taiapsj1nycyolwwdp-air-max-1-big-kids-shoe-PFRZMb.jpg, z8fpqip3noyx28ab9zjx-air-max-1-big-kids-shoe-PFRZMb.jpg, h6gcrxfouxgztiqfhooa-air-max-1-big-kids-shoe-PFRZMb.jpg', 1105180005, '2018-05-12 10:50:09', '2018-05-12 03:50:09'),
(51100024, '1104', '7, 8, 8.5,9, 9.5, 10, 11, 35', 'tmstm3acmarfk3spobfk-air-max-1-big-kids-shoe-PFRZMb.jpg, vpjxkdvkuzi63wte89se-air-max-1-big-kids-shoe-PFRZMb.jpg, vwojkxphyhqligpas6dp-air-max-1-big-kids-shoe-PFRZMb.jpg, zspnhrgim85mkt7jqfro-air-max-1-big-kids-shoe-PFRZMb.jpg, uiywqdhvdf6vqn0xostg-air-max-1-big-kids-shoe-PFRZMb.jpg, kizxecyb4kgb80aojayu-air-max-1-big-kids-shoe-PFRZMb.jpg', 1105180005, '2018-05-12 10:50:09', '2018-05-12 03:50:09'),
(51100025, '1101', '7, 8, 8.5,9, 9.5, 10, 11, 36', 'wmqrdguh44tspnskiszj-air-max-1-big-kids-shoe-PFRZMb.jpg, ndh9o2esfaajqdqrgub6-air-max-1-big-kids-shoe-PFRZMb.jpg, zgfsqhzqsidmxyhnjzyj-air-max-1-big-kids-shoe-PFRZMb.jpg, hrdhicbazewt8x2lwp4s-air-max-1-big-kids-shoe-PFRZMb.jpg, xqyh8uwkkgrf3z1wm8il-air-max-1-big-kids-shoe-PFRZMb.jpg, kqtjvktpvriwm6akf9wd-air-max-1-big-kids-shoe-PFRZMb.jpg', 1105180005, '2018-05-12 10:50:09', '2018-05-12 03:50:09'),
(51100026, '1109', '7, 8, 8.5,9, 9.5, 10, 11, 37', 'na3u5po7afyttejwsfm2-air-max-1-big-kids-shoe-PFRZMb.jpg, tfsjyyxxyzeajx780guq-air-max-1-big-kids-shoe-PFRZMb.jpg, wjq2tk9yvf5o9tq1m5cd-air-max-1-big-kids-shoe-PFRZMb.jpg, rkc8uj8dt3dlqfufomrw-air-max-1-big-kids-shoe-PFRZMb.jpg, h34g0gqgdckvoxj3svpd-air-max-1-big-kids-shoe-PFRZMb.jpg, s1tjqcbddvixbu0s0z8t-air-max-1-big-kids-shoe-PFRZMb.jpg', 1105180005, '2018-05-12 10:50:09', '2018-05-12 03:50:09'),
(51100027, '1107', '7, 8, 8.5,9, 9.5, 10, 11, 38', 'yni7jzpp6nqb0xghcorr-air-max-1-big-kids-shoe-PFRZMb.jpg, gltvyn5agkumqkcbltgj-air-max-1-big-kids-shoe-PFRZMb.jpg, azl6bx0wyhiybr1ldk3h-air-max-1-big-kids-shoe-PFRZMb.jpg, g7ngapk6np2faeoyy4mk-air-max-1-big-kids-shoe-PFRZMb.jpg, jdklrlwvdgbk34isbobm-air-max-1-big-kids-shoe-PFRZMb.jpg, vfj6hcxkus181zu7y1iw-air-max-1-big-kids-shoe-PFRZMb.jpg', 1105180005, '2018-05-12 10:50:09', '2018-05-12 03:50:09'),
(51100028, '1111', '7, 8, 8.5,9, 9.5, 10, 11, 39', 'mtta5za6k01nfyeaklio-air-max-1-big-kids-shoe-PFRZMb.jpg, ae8mxad1hxcjlb8kejd2-air-max-1-big-kids-shoe-PFRZMb.jpg, mpy01iplrvk53ijzi2lj-air-max-1-big-kids-shoe-PFRZMb.jpg, cnynuasbregy9owvcguj-air-max-1-big-kids-shoe-PFRZMb.jpg, ecaeg905tz99j56wu0xp-air-max-1-big-kids-shoe-PFRZMb.jpg, c6v6qlpjisxtuhunc3ne-air-max-1-big-kids-shoe-PFRZMb.jpg', 1105180005, '2018-05-12 10:50:09', '2018-05-12 03:50:09'),
(51100029, '1106', '7, 8, 8.5,9, 9.5, 10, 11, 40', 'kw6s2xthdmsvottsqsh1-air-force-1-lv8-uv-little-kids-shoe-jzRBgP.jpg, sno440km5mw4xcfjgqft-air-force-1-lv8-uv-little-kids-shoe-jzRBgP.jpg, xk2qertx5euyvltqbpkx-air-force-1-lv8-uv-little-kids-shoe-jzRBgP.jpg, bnthtuko9nzqb5muvhuo-air-force-1-lv8-uv-little-kids-shoe-jzRBgP.jpg', 1105180006, '2018-05-12 10:50:09', '2018-05-12 03:50:09'),
(51100030, '1108', '7, 8, 8.5,9, 9.5, 10, 11, 41', 'xvracd66rlsccig8kw7o-air-force-1-lv8-uv-little-kids-shoe-jzRBgP.jpg, uzwszdf6ebpkx91idsb7-air-force-1-lv8-uv-little-kids-shoe-jzRBgP.jpg, zzhw8wyctyyhsglu8nqw-air-force-1-lv8-uv-little-kids-shoe-jzRBgP.jpg, vacydq0aqf5gertvcqxl-air-force-1-lv8-uv-little-kids-shoe-jzRBgP.jpg', 1105180006, '2018-05-12 10:50:09', '2018-05-12 03:50:09'),
(51100031, '1111', '7, 8, 8.5,9, 9.5, 10, 11, 42', 'pbu1hwwv8dp46hu2uag7-air-force-270-big-kids-shoe-WYLbkE.jpg, etbumel4akactk9qahah-air-force-270-big-kids-shoe-WYLbkE.jpg, hgeenslmajrgzxubholx-air-force-270-big-kids-shoe-WYLbkE.jpg, dnibxrvmkxwmhjcueuio-air-force-270-big-kids-shoe-WYLbkE.jpg, fc8yolb7mvjup5fzsonc-air-force-270-big-kids-shoe-WYLbkE.jpg, mw0sxe6hkt9hozjcbdkp-air-force-270-big-kids-shoe-WYLbkE.jpg, z2navzz7144spgdyjebl-air-force-270-big-kids-shoe-WYLbkE.jpg', 1105180007, '2018-05-12 10:50:09', '2018-05-12 03:50:09'),
(51100032, '1103', '7, 8, 8.5,9, 9.5, 10, 11, 43', 'tobceutfilcvvxibuh2p-air-huarache-ultra-big-kids-shoe-3zTbKpjz.jpg, zir6fqcenood8lhhuddt-air-huarache-ultra-big-kids-shoe-3zTbKpjz.jpg, ufmuqlemqfdzbkx5retx-air-huarache-ultra-big-kids-shoe-3zTbKpjz.jpg, xbntmcy4c3bcwuhoxnlp-air-huarache-ultra-big-kids-shoe-3zTbKpjz.jpg, iwwxzogruncdkptqwia4-air-huarache-ultra-big-kids-shoe-3zTbKpjz.jpg, vrqwgu7nv2xcqv8u8u0d-air-huarache-ultra-big-kids-shoe-3zTbKpjz.jpg', 1105180008, '2018-05-12 10:50:09', '2018-05-12 03:50:09'),
(51100033, '1101', '7, 8, 8.5,9, 9.5, 10, 11, 44', 'nrcizzpqmrttjbi5wxgc-air-huarache-ultra-big-kids-shoe-3zTbKpjz.jpg, qrbeoobytvadkwdkgc56-air-huarache-ultra-big-kids-shoe-3zTbKpjz.jpg, hjrvkzuvfmgpl0rwctua-air-huarache-ultra-big-kids-shoe-3zTbKpjz.jpg, jwjdya3sisryjxali4by-air-huarache-ultra-big-kids-shoe-3zTbKpjz.jpg, lwnmv0wxbnivkl5wasdm-air-huarache-ultra-big-kids-shoe-3zTbKpjz.jpg, jsxkksk1x5xslsphygph-air-huarache-ultra-big-kids-shoe-3zTbKpjz.jpg', 1105180008, '2018-05-12 10:50:09', '2018-05-12 03:50:09'),
(51100034, '1108', '7, 8, 8.5,9, 9.5, 10, 11, 45', 'qnzjiupfkgisctjlmd4d-air-huarache-ultra-big-kids-shoe-3zTbKpjz.jpg, sdflheqrlcp1a7rweeas-air-huarache-ultra-big-kids-shoe-3zTbKpjz.jpg, wg0ucr9gbalodbydefq2-air-huarache-ultra-big-kids-shoe-3zTbKpjz.jpg, vffmeboii224znr3cunb-air-huarache-ultra-big-kids-shoe-3zTbKpjz.jpg, hx9ipsui9g1felzpe5dg-air-huarache-ultra-big-kids-shoe-3zTbKpjz.jpg, c9jlhuzdjfaygkucnemt-air-huarache-ultra-big-kids-shoe-3zTbKpjz.jpg', 1105180008, '2018-05-12 10:50:09', '2018-05-12 03:50:09'),
(51100035, '1112', '7, 8, 8.5,9, 9.5, 10, 11, 46', 'xz8bcaa9thv3lnavdoqg-air-huarache-ultra-big-kids-shoe-3zTbKpjz.jpg, fbindm3oytuoogminsa6-air-huarache-ultra-big-kids-shoe-3zTbKpjz.jpg, ljl8yqsbxsjtdtrnyszm-air-huarache-ultra-big-kids-shoe-3zTbKpjz.jpg, izoamteuwzpbf8tfxn9a-air-huarache-ultra-big-kids-shoe-3zTbKpjz.jpg, hclhvwfpehr05scouztg-air-huarache-ultra-big-kids-shoe-3zTbKpjz.jpg, chkcxsbyaktwni7nay3m-air-huarache-ultra-big-kids-shoe-3zTbKpjz.jpg', 1105180008, '2018-05-12 10:50:09', '2018-05-12 03:50:09'),
(51100036, '1104', '7, 8, 8.5,9, 9.5, 10, 11, 47', 'cweypdvk4wkqqtsdfeeh-air-huarache-ultra-big-kids-shoe-3zTbKpjz.jpg, g6wimi1yek7dk1alvfhp-air-huarache-ultra-big-kids-shoe-3zTbKpjz.jpg, x4zlqsoqwqqvjnfaozqs-air-huarache-ultra-big-kids-shoe-3zTbKpjz.jpg, p2h6nnenvuaqhgvkxfev-air-huarache-ultra-big-kids-shoe-3zTbKpjz.jpg, y5h2nbhkkt6eadc1wddl-air-huarache-ultra-big-kids-shoe-3zTbKpjz.jpg, xsj8oauxac9yfy8lysyk-air-huarache-ultra-big-kids-shoe-3zTbKpjz.jpg', 1105180008, '2018-05-12 10:50:09', '2018-05-12 03:50:09'),
(51100037, '1107', '7, 8, 8.5,9, 9.5, 10, 11, 48', 'd9iojegnmcxkz2qmeghf-air-huarache-ultra-big-kids-shoe-3zTbKpjz.jpg, deq01wlahi9nktvi3reg-air-huarache-ultra-big-kids-shoe-3zTbKpjz.jpg, o4dt5axqddewanyhdphq-air-huarache-ultra-big-kids-shoe-3zTbKpjz.jpg, hb8dlktifuvz3n661kvu-air-huarache-ultra-big-kids-shoe-3zTbKpjz.jpg, fwq6pp9h9btju6brnino-air-huarache-ultra-big-kids-shoe-3zTbKpjz.jpg, epygq9p74zhmlxq7bovc-air-huarache-ultra-big-kids-shoe-3zTbKpjz.jpg', 1105180008, '2018-05-12 10:50:09', '2018-05-12 03:50:09'),
(51100038, '1104', '7, 8, 8.5,9, 9.5, 10, 11, 49', 'p8fbwuywdspof0tabqsl-huarache-city-big-kids-shoe-7V8jyJ.jpg, uwk8nnit7o1jwa6nngdo-huarache-city-big-kids-shoe-7V8jyJ.jpg, hz8fwp7wc9egbsbjtmxy-huarache-city-big-kids-shoe-7V8jyJ.jpg, n2twf5wuvrsezpgqsrgd-huarache-city-big-kids-shoe-7V8jyJ.jpg, lv6wimb2gquzxa3lfdxv-huarache-city-big-kids-shoe-7V8jyJ.jpg, zmrjh0u30e6tuisqdmco-huarache-city-big-kids-shoe-7V8jyJ.jpg', 1105180009, '2018-05-12 10:50:09', '2018-05-12 03:50:09'),
(51100039, '1108', '7, 8, 8.5,9, 9.5, 10, 11, 50', 'v8xyok2gbi8brdyeenud-huarache-city-big-kids-shoe-7V8jyJ.jpg, hdzujmypkcxracmnzhfx-huarache-city-big-kids-shoe-7V8jyJ.jpg, tsxjdvjsnaaj1ig4aswa-huarache-city-big-kids-shoe-7V8jyJ.jpg, ekhntqarytboaj5jbgnf-huarache-city-big-kids-shoe-7V8jyJ.jpg, jctu1nyni1hozsqqvvm8-huarache-city-big-kids-shoe-7V8jyJ.jpg, axd7qsamkzn0t2g6qypb-huarache-city-big-kids-shoe-7V8jyJ.jpg', 1105180009, '2018-05-12 10:50:09', '2018-05-12 03:50:09'),
(51100040, '1107', '7, 8, 8.5,9, 9.5, 10, 11, 51', 'fysxjsxlklcob5mfrbaz-huarache-city-big-kids-shoe-7V8jyJ.jpg, wvtucu3967jnkmvtsdr4-huarache-city-big-kids-shoe-7V8jyJ.jpg, lzqht2tyhtcwn4g0zx4t-huarache-city-big-kids-shoe-7V8jyJ.jpg, hgbbsy127azdgpbhzvez-huarache-city-big-kids-shoe-7V8jyJ.jpg, odp71rvsdpfxxssspj34-huarache-city-big-kids-shoe-7V8jyJ.jpg, fpx4yasweletzbgddjjx-huarache-city-big-kids-shoe-7V8jyJ.jpg', 1105180009, '2018-05-12 10:50:09', '2018-05-12 03:50:09'),
(51100041, '1103', '7, 8, 8.5,9, 9.5, 10, 11, 52', 'vf9drqwdpuzkjkxljlwo-huarache-city-big-kids-shoe-7V8jyJ.jpg, nftm69utvmrg8kzszork-huarache-city-big-kids-shoe-7V8jyJ.jpg, arcr6m1mlhwtwnuzweyg-huarache-city-big-kids-shoe-7V8jyJ.jpg, ddbgeskvtfr1v8bdywto-huarache-city-big-kids-shoe-7V8jyJ.jpg, ydbufc6fxbtnsryg9pip-huarache-city-big-kids-shoe-7V8jyJ.jpg, mlakzxafon1dknanumkk-huarache-city-big-kids-shoe-7V8jyJ.jpg', 1105180009, '2018-05-12 10:50:09', '2018-05-12 03:50:09'),
(51100042, '1106', '7, 8, 8.5,9, 9.5, 10, 11, 53', 'kh4g5i6z1dyjazw4bhz5-huarache-city-big-kids-shoe-7V8jyJ.jpg, lsjr4gjeii3kamaxp0bo-huarache-city-big-kids-shoe-7V8jyJ.jpg, akgyi3qkdbqz7kfaymdy-huarache-city-big-kids-shoe-7V8jyJ.jpg, anrwlntcqacleo4vi6i6-huarache-city-big-kids-shoe-7V8jyJ.jpg, p0mgpr8bhanlj3pg2xye-huarache-city-big-kids-shoe-7V8jyJ.jpg, usmcjumbjccuki0aafvu-huarache-city-big-kids-shoe-7V8jyJ.jpg', 1105180009, '2018-05-12 10:50:09', '2018-05-12 03:50:09'),
(51100043, '1103', '7, 8, 8.5,9, 9.5, 10, 11, 54', 'k5ltifzphxft7lwqxnlu-air-max-90-leather-big-kids-shoe-olTWJrlW.jpg, h5hpqv3gfxhfcgisykck-air-max-90-leather-big-kids-shoe-olTWJrlW.jpg, gfoixwcfbrcfbvmhpaxf-air-max-90-leather-big-kids-shoe-olTWJrlW.jpg, rv8meosuoat7gznhzgtd-air-max-90-leather-big-kids-shoe-olTWJrlW.jpg, sduoozhp3syythy3nq6i-air-max-90-leather-big-kids-shoe-olTWJrlW.jpg, cio9wv9yyaqxugp6hys0-air-max-90-leather-big-kids-shoe-olTWJrlW.jpg', 1105180010, '2018-05-12 10:50:09', '2018-05-12 03:50:09'),
(51100044, '1104', '7, 8, 8.5,9, 9.5, 10, 11, 55', 'y9dhe0tazsdby2czrdgl-air-max-90-leather-big-kids-shoe-olTWJrlW.jpg, wuytditdjhtzpm3d8ppe-air-max-90-leather-big-kids-shoe-olTWJrlW.jpg, dr8teuicbldjb3qoeclf-air-max-90-leather-big-kids-shoe-olTWJrlW.jpg, yoafz7mwerwkn17e16nd-air-max-90-leather-big-kids-shoe-olTWJrlW.jpg, dsi3y6tipjf0cpthk16h-air-max-90-leather-big-kids-shoe-olTWJrlW.jpg, lxm7ymnird2foocccnum-air-max-90-leather-big-kids-shoe-olTWJrlW.jpg', 1105180010, '2018-05-12 10:50:09', '2018-05-12 03:50:09'),
(51100045, '1108', '7, 8, 8.5,9, 9.5, 10, 11, 56', 's7hle3drihcxqaq4hzaz-air-max-90-leather-big-kids-shoe-olTWJrlW.jpg, qog38hmpxcqzyhxaxncd-air-max-90-leather-big-kids-shoe-olTWJrlW.jpg, zgtgesosxjfjlsojskl8-air-max-90-leather-big-kids-shoe-olTWJrlW.jpg, rmu0wsdvvspwpsabu1gj-air-max-90-leather-big-kids-shoe-olTWJrlW.jpg, pbhcgpktsi5aaz6cgbvx-air-max-90-leather-big-kids-shoe-olTWJrlW.jpg, etm0do4sbaisasdjif6u-air-max-90-leather-big-kids-shoe-olTWJrlW.jpg', 1105180010, '2018-05-12 10:50:09', '2018-05-12 03:50:09'),
(51100046, '1112', '7, 8, 8.5,9, 9.5, 10, 11, 57', 'um7vqjf5fr8bobmrmtra-air-max-90-leather-big-kids-shoe-olTWJrlW.jpg, cthc8has5sepniexixaf-air-max-90-leather-big-kids-shoe-olTWJrlW.jpg, n9hiihcqu2qeupcmj2yo-air-max-90-leather-big-kids-shoe-olTWJrlW.jpg, vgidyionahahsgrr6a6j-air-max-90-leather-big-kids-shoe-olTWJrlW.jpg, oxbcrrfgjigrdylpcxaa-air-max-90-leather-big-kids-shoe-olTWJrlW.jpg, kzmpkgyhmhzei62uutc6-air-max-90-leather-big-kids-shoe-olTWJrlW.jpg', 1105180010, '2018-05-12 10:50:09', '2018-05-12 03:50:09'),
(51100047, '1111', '7, 8, 8.5,9, 9.5, 10, 11, 58', 'pu2juutu9zkbbs6u5hwq-air-max-90-leather-big-kids-shoe-olTWJrlW.jpg, y47hp4fjn0uhm6tlfcl0-air-max-90-leather-big-kids-shoe-olTWJrlW.jpg, etlq5cejbjg07f76iirn-air-max-90-leather-big-kids-shoe-olTWJrlW.jpg, rdorpt4hoy05jlhikszy-air-max-90-leather-big-kids-shoe-olTWJrlW.jpg, qrkef1bp5lb14mq1tn4w-air-max-90-leather-big-kids-shoe-olTWJrlW.jpg, ujyhakrj8rs1d4ajxqsc-air-max-90-leather-big-kids-shoe-olTWJrlW.jpg', 1105180010, '2018-05-12 10:50:09', '2018-05-12 03:50:09'),
(51100048, '1101', '7, 8, 8.5,9, 9.5, 10, 11, 59', 'tcqam2umc1o2xolahdup-air-max-90-leather-big-kids-shoe-olTWJrlW.jpg, t2bpwdbvvunfvm85alle-air-max-90-leather-big-kids-shoe-olTWJrlW.jpg, blyat61u91hfrxhzh4w6-air-max-90-leather-big-kids-shoe-olTWJrlW.jpg, u7aeglwgsv8qldwsqizj-air-max-90-leather-big-kids-shoe-olTWJrlW.jpg, davlvbypvqapimftqfcw-air-max-90-leather-big-kids-shoe-olTWJrlW.jpg, kx61mav4dnzbxiy1jrqi-air-max-90-leather-big-kids-shoe-olTWJrlW.jpg', 1105180010, '2018-05-12 10:50:09', '2018-05-12 03:50:09'),
(51100050, '1109', '7, 8, 8.5,9, 9.5, 10, 11, 40', 'it1ur7ydo3csad6a5och-force-savage-shark-little-big-kids-football-cleat-qwW0xl.jpg, l0bdjau76h3ujmubcwos-force-savage-shark-little-big-kids-football-cleat-qwW0xl.jpg, zfcv7pmwsod4t6ntxlw5-force-savage-shark-little-big-kids-football-cleat-qwW0xl.jpg, aqrnomcn97vrap9d1rd2-force-savage-shark-little-big-kids-football-cleat-qwW0xl.jpg, dmalix7ixr2tskty9am3-force-savage-shark-little-big-kids-football-cleat-qwW0xl.jpg, rbxpmpq6rrfscueql2ie-force-savage-shark-little-big-kids-football-cleat-qwW0xl.jpg, iilf2m9xuns6tjjrdhfi-force-savage-shark-little-big-kids-football-cleat-qwW0xl.jpg', 1105180011, '2018-05-12 10:50:36', '2018-05-12 03:50:36'),
(51100051, '1103', '7, 8, 8.5,9, 9.5, 10, 11, 41', 'mq6c34yoyxqpo1pmlh2a-alpha-menace-shark-little-big-kids-football-cleat-Z9GDvr.jpg, gdiwxhuvzrosykltp4lp-alpha-menace-shark-little-big-kids-football-cleat-Z9GDvr.jpg, cfbd6z6odpovcepg3wik-alpha-menace-shark-little-big-kids-football-cleat-Z9GDvr.jpg, kniuirzxlrtmqhavwvdd-alpha-menace-shark-little-big-kids-football-cleat-Z9GDvr.jpg, ujaf0x30xb7dx8z2dagr-alpha-menace-shark-little-big-kids-football-cleat-Z9GDvr.jpg, lnkqkm3aeqcupalzk6mg-alpha-menace-shark-little-big-kids-football-cleat-Z9GDvr.jpg, cty1x8djgdiartruzttb-alpha-menace-shark-little-big-kids-football-cleat-Z9GDvr.jpg', 1105180012, '2018-05-12 10:50:36', '2018-05-12 03:50:36'),
(51100052, '1101', '7, 8, 8.5,9, 9.5, 10, 11, 42', 'yo8zunsos63fuyuirpv6-vapor-untouchable-shark-3-little-big-kids-football-cleat-O9gDmL.jpg, ca3tbpm4m9id7w21pjg6-vapor-untouchable-shark-3-little-big-kids-football-cleat-O9gDmL.jpg, h5wbwy51kyighmioycky-vapor-untouchable-shark-3-little-big-kids-football-cleat-O9gDmL.jpg, xiq2u6fmnnf0xrz7hiw2-vapor-untouchable-shark-3-little-big-kids-football-cleat-O9gDmL.jpg, enrgfdvqq9wcnj0net3o-vapor-untouchable-shark-3-little-big-kids-football-cleat-O9gDmL.jpg, svigiueqvw4oorwwngh3-vapor-untouchable-shark-3-little-big-kids-football-cleat-O9gDmL.jpg, xktr5m7wqgeidyd100ve-vapor-untouchable-shark-3-little-big-kids-football-cleat-O9gDmL.jpg', 1105180013, '2018-05-12 10:50:36', '2018-05-12 03:50:36'),
(51100053, '1104', '7, 8, 8.5,9, 9.5, 10, 11, 43', 'tktz1yxfznfcgkutlgrb-vapor-untouchable-shark-3-little-big-kids-football-cleat-O9gDmL.jpg, iurnnjez6gdjjjbirijm-vapor-untouchable-shark-3-little-big-kids-football-cleat-O9gDmL.jpg, e7uz9mcq5omcai5difvh-vapor-untouchable-shark-3-little-big-kids-football-cleat-O9gDmL.jpg, vg9n48t4vckr9jansad4-vapor-untouchable-shark-3-little-big-kids-football-cleat-O9gDmL.jpg, dznewizeqe7dukcsczjj-vapor-untouchable-shark-3-little-big-kids-football-cleat-O9gDmL.jpg, nxlo7n4axq9tkmtphwep-vapor-untouchable-shark-3-little-big-kids-football-cleat-O9gDmL.jpg, zdghiyhswqt4eujax9mr-vapor-untouchable-shark-3-little-big-kids-football-cleat-O9gDmL.jpg', 1105180013, '2018-05-12 10:50:36', '2018-05-12 03:50:36'),
(51100054, '1108', '7, 8, 8.5,9, 9.5, 10, 11, 44', 'zcqmjn1mfh3scimzk0mt-vapor-untouchable-shark-3-little-big-kids-football-cleat-O9gDmL.jpg, itwk8utvdneig612gst4-vapor-untouchable-shark-3-little-big-kids-football-cleat-O9gDmL.jpg, p9q9sjlrlcjehqo8mc6f-vapor-untouchable-shark-3-little-big-kids-football-cleat-O9gDmL.jpg, fm0cd1tpfwlc6gkl48vw-vapor-untouchable-shark-3-little-big-kids-football-cleat-O9gDmL.jpg, og8cpeobz11sgfi6sfhy-vapor-untouchable-shark-3-little-big-kids-football-cleat-O9gDmL.jpg, rjhybctxddiewx0eemye-vapor-untouchable-shark-3-little-big-kids-football-cleat-O9gDmL.jpg, xhay5iqmlgprvarqbapa-vapor-untouchable-shark-3-little-big-kids-football-cleat-O9gDmL.jpg', 1105180013, '2018-05-12 10:50:36', '2018-05-12 03:50:36'),
(51100055, '1103', '7, 8, 8.5,9, 9.5, 10, 11, 45', 'j5nljtfz21ms70ceshrd-alpha-menace-varsity-mid-little-big-kids-football-cleat-knTP2n4R.jpg, sncjorbz6xjbrr5herq0-alpha-menace-varsity-mid-little-big-kids-football-cleat-knTP2n4R.jpg, tvq3sa7hgnuinch4cdlj-alpha-menace-varsity-mid-little-big-kids-football-cleat-knTP2n4R.jpg, cahxmcy3me2prjqmm5bo-alpha-menace-varsity-mid-little-big-kids-football-cleat-knTP2n4R.jpg, qpt5sryt2ckdqfb8ie36-alpha-menace-varsity-mid-little-big-kids-football-cleat-knTP2n4R.jpg, rvs8pnq1c3wwsgae2rdf-alpha-menace-varsity-mid-little-big-kids-football-cleat-knTP2n4R.jpg, tzgsg8kqjg4g3odcitul-alpha-menace-varsity-mid-little-big-kids-football-cleat-knTP2n4R.jpg', 1105180015, '2018-05-12 10:50:36', '2018-05-12 03:50:36'),
(51100056, '1104', '7, 8, 8.5,9, 9.5, 10, 11, 46', 'zszsa2g4vgodb7eje3e0-alpha-menace-varsity-mid-little-big-kids-football-cleat-knTP2n4R.jpg, cyx8mty0uwdv69eymoco-alpha-menace-varsity-mid-little-big-kids-football-cleat-knTP2n4R.jpg, u6mztbmn3xjyxbbsvwp8-alpha-menace-varsity-mid-little-big-kids-football-cleat-knTP2n4R.jpg, jaxsdzvtjwmwrydbpmbx-alpha-menace-varsity-mid-little-big-kids-football-cleat-knTP2n4R.jpg, quyv5ux6os3tsmb6qng9-alpha-menace-varsity-mid-little-big-kids-football-cleat-knTP2n4R.jpg, j8chm1nahoqqqhbtkpw6-alpha-menace-varsity-mid-little-big-kids-football-cleat-knTP2n4R.jpg, ogbz8xwyckuxzcoiu9mx-alpha-menace-varsity-mid-little-big-kids-football-cleat-knTP2n4R.jpg', 1105180015, '2018-05-12 10:50:36', '2018-05-12 03:50:36'),
(51100057, '1103', '7, 8, 8.5,9, 9.5, 10, 11, 47', 'ual1bvyuxtqcwe2vrnnm-vapor-shark-2-little-big-kids-football-cleat-v2TdOEeR.jpg, niyorga3pxckyh5v6i4l-vapor-shark-2-little-big-kids-football-cleat-v2TdOEeR.jpg, zspmwmwhndw2hf0nhwly-vapor-shark-2-little-big-kids-football-cleat-v2TdOEeR.jpg, kep220nwkxzh7ndqlltq-vapor-shark-2-little-big-kids-football-cleat-v2TdOEeR.jpg, epkzrcljsott2fr20vww-vapor-shark-2-little-big-kids-football-cleat-v2TdOEeR.jpg, r0apdahuzhxp12cnfmdh-vapor-shark-2-little-big-kids-football-cleat-v2TdOEeR.jpg, dltr0paw229vgame4js3-vapor-shark-2-little-big-kids-football-cleat-v2TdOEeR.jpg', 1105180016, '2018-05-12 10:50:36', '2018-05-12 03:50:36'),
(51100058, '1104', '7, 8, 8.5,9, 9.5, 10, 11, 48', 'xfvrqdz2nmiyitv1ucfm-vapor-shark-2-little-big-kids-football-cleat-v2TdOEeR.jpg, bvaz1vw027ocxnqfaz7j-vapor-shark-2-little-big-kids-football-cleat-v2TdOEeR.jpg, utffpg9barcqs3cfnjpz-vapor-shark-2-little-big-kids-football-cleat-v2TdOEeR.jpg, y1dvuwainrkpohxeyj6x-vapor-shark-2-little-big-kids-football-cleat-v2TdOEeR.jpg, nyivhkhhkzl5spezsakp-vapor-shark-2-little-big-kids-football-cleat-v2TdOEeR.jpg, v8l7fnwkakquhkznmitp-vapor-shark-2-little-big-kids-football-cleat-v2TdOEeR.jpg, sogphr61xu3hzbepnolh-vapor-shark-2-little-big-kids-football-cleat-v2TdOEeR.jpg', 1105180016, '2018-05-12 10:50:36', '2018-05-12 03:50:36'),
(51100059, '1104', '7, 8, 8.5,9, 9.5, 10, 11, 49', 'xeyz3gmneki1kprcbj4q-alpha-menace-shark-wide-little-big-kids-football-cleat-3WYbNn.jpg, l5m1jh1auup2paxjylth-alpha-menace-shark-wide-little-big-kids-football-cleat-3WYbNn.jpg, q8r8oqsltqehyt8yawqm-alpha-menace-shark-wide-little-big-kids-football-cleat-3WYbNn.jpg, t8plfinnlfaopig9edpw-alpha-menace-shark-wide-little-big-kids-football-cleat-3WYbNn.jpg, azjqeqlxx1ekphonwcli-alpha-menace-shark-wide-little-big-kids-football-cleat-3WYbNn.jpg, ixkippkrejqi9dqtm33r-alpha-menace-shark-wide-little-big-kids-football-cleat-3WYbNn.jpg, awhibwuoy6udiwa1b0lw-alpha-menace-shark-wide-little-big-kids-football-cleat-3WYbNn.jpg', 1105180017, '2018-05-12 10:50:36', '2018-05-12 03:50:36'),
(51100060, '1103', '7, 8, 8.5,9, 9.5, 10, 11, 50', 'oimva4uqhqvjtcuxouoz-alpha-menace-shark-wide-little-big-kids-football-cleat-3WYbNn.jpg, rf7fixnwqkbuarcsqqv0-alpha-menace-shark-wide-little-big-kids-football-cleat-3WYbNn.jpg, xixibetgvp6rlxvzuho6-alpha-menace-shark-wide-little-big-kids-football-cleat-3WYbNn.jpg, duu8zmf2rvjytc7fblcg-alpha-menace-shark-wide-little-big-kids-football-cleat-3WYbNn.jpg, h4gp0qkewux5gapwomvm-alpha-menace-shark-wide-little-big-kids-football-cleat-3WYbNn.jpg, vmfwgjsvjzplxei2lxnw-alpha-menace-shark-wide-little-big-kids-football-cleat-3WYbNn.jpg, l95bjojj3cfjq7rcmm59-alpha-menace-shark-wide-little-big-kids-football-cleat-3WYbNn.jpg', 1105180017, '2018-05-12 10:50:36', '2018-05-12 03:50:36'),
(51100061, '1102', '7, 8, 8.5,9, 9.5, 10, 11, 51', 'qtascrhnweunaxhbw2rs-vapor-shark-3-little-big-kids-football-cleat-zMYXwV.jpg, xkxldfzf6hou2g9oal8g-vapor-shark-3-little-big-kids-football-cleat-zMYXwV.jpg, gja3njep4bjzwijpy4q4-vapor-shark-3-little-big-kids-football-cleat-zMYXwV.jpg, j1lrucidsofupldk7hch-vapor-shark-3-little-big-kids-football-cleat-zMYXwV.jpg, qs0cndg97z9nnhzqiule-vapor-shark-3-little-big-kids-football-cleat-zMYXwV.jpg, zaygmwmjrcpdr5rfk2gd-vapor-shark-3-little-big-kids-football-cleat-zMYXwV.jpg, fqaz7hfqllhrrlkamunt-vapor-shark-3-little-big-kids-football-cleat-zMYXwV.jpg, tw3chgok5v9r4warpf4h-vapor-shark-3-little-big-kids-football-cleat-zMYXwV.jpg', 1105180018, '2018-05-12 10:50:36', '2018-05-12 03:50:36'),
(51100062, '1101', '7, 8, 8.5,9, 9.5, 10, 11, 52', 'ngev6rex9b43shf5phh2-vapor-shark-3-little-big-kids-football-cleat-zMYXwV.jpg, pex6pjph7m7azcvu80fk-vapor-shark-3-little-big-kids-football-cleat-zMYXwV.jpg, fok3ctxbseps2mloblnm-vapor-shark-3-little-big-kids-football-cleat-zMYXwV.jpg, xyt6ked2lvzwixvjjf6y-vapor-shark-3-little-big-kids-football-cleat-zMYXwV.jpg, oolwlvdqlmquzfa1l1lx-vapor-shark-3-little-big-kids-football-cleat-zMYXwV.jpg, hp7pgwom14btxyk6paqb-vapor-shark-3-little-big-kids-football-cleat-zMYXwV.jpg, pjp65tkdy2dxeh4bxfvq-vapor-shark-3-little-big-kids-football-cleat-zMYXwV.jpg', 1105180018, '2018-05-12 10:50:36', '2018-05-12 03:50:36'),
(51100063, '1103', '7, 8, 8.5,9, 9.5, 10, 11, 53', 'sx6cdkvgj8ewyrciuimo-vapor-shark-3-little-big-kids-football-cleat-zMYXwV.jpg, bqedt1jh9la7zp5lkjme-vapor-shark-3-little-big-kids-football-cleat-zMYXwV.jpg, klksnuc9drvvzfr39oqw-vapor-shark-3-little-big-kids-football-cleat-zMYXwV.jpg, gqu1wkzgzn9gee5y3blu-vapor-shark-3-little-big-kids-football-cleat-zMYXwV.jpg, mnztpk2di2ztozkcbc6y-vapor-shark-3-little-big-kids-football-cleat-zMYXwV.jpg, bssd4tkdyctff6ursemn-vapor-shark-3-little-big-kids-football-cleat-zMYXwV.jpg, ndm17wl9kleb2qpdooyd-vapor-shark-3-little-big-kids-football-cleat-zMYXwV.jpg', 1105180018, '2018-05-12 10:50:36', '2018-05-12 03:50:36'),
(51100064, '1108', '7, 8, 8.5,9, 9.5, 10, 11, 54', 'bverhb92ssuqaq6gotl0-vapor-shark-3-little-big-kids-football-cleat-zMYXwV.jpg, ep2dag2n0zaflcei31zt-vapor-shark-3-little-big-kids-football-cleat-zMYXwV.jpg, i7nlxyzymmptlp0z3swp-vapor-shark-3-little-big-kids-football-cleat-zMYXwV.jpg, ai7anqecwlsugy3yh63l-vapor-shark-3-little-big-kids-football-cleat-zMYXwV.jpg, tig524fuafjlxkdnmbto-vapor-shark-3-little-big-kids-football-cleat-zMYXwV.jpg, zf9kdccqrchheuowp4ib-vapor-shark-3-little-big-kids-football-cleat-zMYXwV.jpg, inpr6fkjbefxxzg8mfrl-vapor-shark-3-little-big-kids-football-cleat-zMYXwV.jpg', 1105180018, '2018-05-12 10:50:36', '2018-05-12 03:50:36'),
(51100065, '1104', '7, 8, 8.5,9, 9.5, 10, 11, 55', 'zw4jwchhq9ezpwrigpfp-vapor-shark-3-little-big-kids-football-cleat-zMYXwV.jpg, o6xxuzljupng5vlnnrja-vapor-shark-3-little-big-kids-football-cleat-zMYXwV.jpg, h6vmxxmmidf3c93s6fi4-vapor-shark-3-little-big-kids-football-cleat-zMYXwV.jpg, t2kh3z6gz4tqzxmuvhj2-vapor-shark-3-little-big-kids-football-cleat-zMYXwV.jpg, hrentafjfdxbjrstqsa5-vapor-shark-3-little-big-kids-football-cleat-zMYXwV.jpg, kk0jmq5dfbkapeauz3ku-vapor-shark-3-little-big-kids-football-cleat-zMYXwV.jpg, ena7fkouae41cywznsh1-vapor-shark-3-little-big-kids-football-cleat-zMYXwV.jpg', 1105180018, '2018-05-12 10:50:36', '2018-05-12 03:50:36'),
(51100066, '1107', '7, 8, 8.5,9, 9.5, 10, 11, 56', 'j5zgyqjuvi2wwo5nm5sj-vapor-shark-3-little-big-kids-football-cleat-zMYXwV.jpg, g2l2fyptg1arfhfovusj-vapor-shark-3-little-big-kids-football-cleat-zMYXwV.jpg, gbnrsaegcbnoit4zgfem-vapor-shark-3-little-big-kids-football-cleat-zMYXwV.jpg, qkgy6ox5ah7chr4o7vgm-vapor-shark-3-little-big-kids-football-cleat-zMYXwV.jpg, pzp6rlsefdpiagkprw4v-vapor-shark-3-little-big-kids-football-cleat-zMYXwV.jpg, crokw1djnsc2dgpkthtr-vapor-shark-3-little-big-kids-football-cleat-zMYXwV.jpg, aq79btscrvai2qqvm7b9-vapor-shark-3-little-big-kids-football-cleat-zMYXwV.jpg', 1105180018, '2018-05-12 10:50:36', '2018-05-12 03:50:36'),
(51100067, '1104', '7, 8, 8.5,9, 9.5, 10, 11, 40', 'cuvc0iiwwnfdtxfstjbe-jr-hypervenom-phantom-iii-academy-dynamic-fit-fg-little-big-kids-firm-ground-soccer-cleat-6KDOqe.jpg, ukpcevn3epm3yviq3dnt-jr-hypervenom-phantom-iii-academy-dynamic-fit-fg-little-big-kids-firm-ground-soccer-cleat-6KDOqe.jpg, upghid3fix1fwnhhqglu-jr-hypervenom-phantom-iii-academy-dynamic-fit-fg-little-big-kids-firm-ground-soccer-cleat-6KDOqe.jpg, j2fxwte1lh95jskk1sfa-jr-hypervenom-phantom-iii-academy-dynamic-fit-fg-little-big-kids-firm-ground-soccer-cleat-6KDOqe.jpg, whki9glwlhlac1aiipts-jr-hypervenom-phantom-iii-academy-dynamic-fit-fg-little-big-kids-firm-ground-soccer-cleat-6KDOqe.jpg, isa0k9gpi1smgdy29xed-jr-hypervenom-phantom-iii-academy-dynamic-fit-fg-little-big-kids-firm-ground-soccer-cleat-6KDOqe.jpg, izsex4dyrpoxswb78lw1-jr-hypervenom-phantom-iii-academy-dynamic-fit-fg-little-big-kids-firm-ground-soccer-cleat-6KDOqe.jpg', 1105180021, '2018-05-12 10:51:29', '2018-05-12 03:51:29'),
(51100068, '1109', '7, 8, 8.5,9, 9.5, 10, 11, 41', 'n814jg1ebbiblkfy9ewv-jr-hypervenom-phantom-iii-academy-dynamic-fit-fg-little-big-kids-firm-ground-soccer-cleat-6KDOqe.jpg, wxyvcdygyiu9o6ythjdg-jr-hypervenom-phantom-iii-academy-dynamic-fit-fg-little-big-kids-firm-ground-soccer-cleat-6KDOqe.jpg, smgxtusutciqmtt0nrh1-jr-hypervenom-phantom-iii-academy-dynamic-fit-fg-little-big-kids-firm-ground-soccer-cleat-6KDOqe.jpg, xn6cwkm8alnghthblfm3-jr-hypervenom-phantom-iii-academy-dynamic-fit-fg-little-big-kids-firm-ground-soccer-cleat-6KDOqe.jpg, z11essvme3sl9b5ogmxn-jr-hypervenom-phantom-iii-academy-dynamic-fit-fg-little-big-kids-firm-ground-soccer-cleat-6KDOqe.jpg, zlk5ujlsmvt49din3kct-jr-hypervenom-phantom-iii-academy-dynamic-fit-fg-little-big-kids-firm-ground-soccer-cleat-6KDOqe.jpg, ece3thlgc7izy8ua1vuw-jr-hypervenom-phantom-iii-academy-dynamic-fit-fg-little-big-kids-firm-ground-soccer-cleat-6KDOqe.jpg', 1105180021, '2018-05-12 10:51:29', '2018-05-12 03:51:29'),
(51100069, '1111', '7, 8, 8.5,9, 9.5, 10, 11, 42', 'rurx4jtjwm3qiewnfcgu-jr-mercurial-superfly-360-elite-cr7-big-kids-firm-ground-soccer-cleat-ADlqOn.jpg, rrhubznbypbzugak9huz-jr-mercurial-superfly-360-elite-cr7-big-kids-firm-ground-soccer-cleat-ADlqOn.jpg, cxumtkdpeesrdvhflhol-jr-mercurial-superfly-360-elite-cr7-big-kids-firm-ground-soccer-cleat-ADlqOn.jpg, jbkyngqli9r7gmm5enlk-jr-mercurial-superfly-360-elite-cr7-big-kids-firm-ground-soccer-cleat-ADlqOn.jpg, jizmg8bfmmalniyzisrm-jr-mercurial-superfly-360-elite-cr7-big-kids-firm-ground-soccer-cleat-ADlqOn.jpg, rqfsgwq2v3uurgvu0heu-jr-mercurial-superfly-360-elite-cr7-big-kids-firm-ground-soccer-cleat-ADlqOn.jpg, admmvhe3sgeno7chx4h2-jr-mercurial-superfly-360-elite-cr7-big-kids-firm-ground-soccer-cleat-ADlqOn.jpg, abouvfwzyckn7mrx7sbu-jr-mercurial-superfly-360-elite-cr7-big-kids-firm-ground-soccer-cleat-ADlqOn.jpg', 1105180022, '2018-05-12 10:51:29', '2018-05-12 03:51:29'),
(51100070, '1111', '7, 8, 8.5,9, 9.5, 10, 11, 43', 'gcvauvacbiueqblpqvv0-jr-superfly-vi-academy-cr7-mg-little-big-kids-multi-ground-soccer-cleat-01X8nb.jpg, osppbr8puvxyrlswvq5y-jr-superfly-vi-academy-cr7-mg-little-big-kids-multi-ground-soccer-cleat-01X8nb.jpg, wdynctzos86wu2dldh48-jr-superfly-vi-academy-cr7-mg-little-big-kids-multi-ground-soccer-cleat-01X8nb.jpg, xw8xlwsdjpdnpvfo6tqq-jr-superfly-vi-academy-cr7-mg-little-big-kids-multi-ground-soccer-cleat-01X8nb.jpg, nde7zmzcwwunm7pclwvf-jr-superfly-vi-academy-cr7-mg-little-big-kids-multi-ground-soccer-cleat-01X8nb.jpg, svufkh2t4hgn3wnd3b3s-jr-superfly-vi-academy-cr7-mg-little-big-kids-multi-ground-soccer-cleat-01X8nb.jpg, utl9ou3tsctyrdsl4yjv-jr-superfly-vi-academy-cr7-mg-little-big-kids-multi-ground-soccer-cleat-01X8nb.jpg', 1105180023, '2018-05-12 10:51:29', '2018-05-12 03:51:29'),
(51100071, '1111', '7, 8, 8.5,9, 9.5, 10, 11, 44', 'tqztahwweyg3wreapoh6-jr-mercurialx-superfly-vi-academy-cr7-little-big-kids-indoor-court-soccer-shoe-88D9mL.jpg, lsh1dygdbvaebgyxoamy-jr-mercurialx-superfly-vi-academy-cr7-little-big-kids-indoor-court-soccer-shoe-88D9mL.jpg, qi8gvh3lbg1t6d9ksmej-jr-mercurialx-superfly-vi-academy-cr7-little-big-kids-indoor-court-soccer-shoe-88D9mL.jpg, asjkruoezhwxl9kuau4o-jr-mercurialx-superfly-vi-academy-cr7-little-big-kids-indoor-court-soccer-shoe-88D9mL.jpg, cb6mxtzg8e63dd7zamvg-jr-mercurialx-superfly-vi-academy-cr7-little-big-kids-indoor-court-soccer-shoe-88D9mL.jpg, martdfakg7jblkgopusc-jr-mercurialx-superfly-vi-academy-cr7-little-big-kids-indoor-court-soccer-shoe-88D9mL.jpg', 1105180024, '2018-05-12 10:51:29', '2018-05-12 03:51:29'),
(51100072, '1111', '7, 8, 8.5,9, 9.5, 10, 11, 45', 'spvqcm2t9owhfermplea-jr-mercurial-superfly-vi-club-cr7-mg-little-big-kids-multi-ground-soccer-cleat-VM8BDD.jpg, llrijitcyff6yi9wxtgx-jr-mercurial-superfly-vi-club-cr7-mg-little-big-kids-multi-ground-soccer-cleat-VM8BDD.jpg, bwn7vfxxm531oidxdrfj-jr-mercurial-superfly-vi-club-cr7-mg-little-big-kids-multi-ground-soccer-cleat-VM8BDD.jpg, ajsv4udj1qcmyb7au1hi-jr-mercurial-superfly-vi-club-cr7-mg-little-big-kids-multi-ground-soccer-cleat-VM8BDD.jpg, ewly7lhfx7xvni52r36b-jr-mercurial-superfly-vi-club-cr7-mg-little-big-kids-multi-ground-soccer-cleat-VM8BDD.jpg, djco6pamnoc8mbayhy4z-jr-mercurial-superfly-vi-club-cr7-mg-little-big-kids-multi-ground-soccer-cleat-VM8BDD.jpg, gnft92nfn8ipysigooel-jr-mercurial-superfly-vi-club-cr7-mg-little-big-kids-multi-ground-soccer-cleat-VM8BDD.jpg', 1105180025, '2018-05-12 10:51:29', '2018-05-12 03:51:29'),
(51100073, '1104', '7, 8, 8.5,9, 9.5, 10, 11, 46', 'mrfoqxmdly3gkwvlza9m-jr-mercurial-superfly-360-elite-big-kids-firm-ground-soccer-cleat-PPM7b1.jpg, zbvbhwcnt3uevlcddddn-jr-mercurial-superfly-360-elite-big-kids-firm-ground-soccer-cleat-PPM7b1.jpg, nzxmc1bede9gi36yj0ao-jr-mercurial-superfly-360-elite-big-kids-firm-ground-soccer-cleat-PPM7b1.jpg, axhgbtv1uhx6figsi4hx-jr-mercurial-superfly-360-elite-big-kids-firm-ground-soccer-cleat-PPM7b1.jpg, il1tvwqpb5ajcmtlqwiq-jr-mercurial-superfly-360-elite-big-kids-firm-ground-soccer-cleat-PPM7b1.jpg, qya4gxxzzvaqa1lqvazy-jr-mercurial-superfly-360-elite-big-kids-firm-ground-soccer-cleat-PPM7b1.jpg, tf53no8kfy2g8zya6ybr-jr-mercurial-superfly-360-elite-big-kids-firm-ground-soccer-cleat-PPM7b1.jpg, wz9jc5i2wkea0rzqii1c-jr-mercurial-superfly-360-elite-big-kids-firm-ground-soccer-cleat-PPM7b1.jpg', 1105180026, '2018-05-12 10:51:29', '2018-05-12 03:51:29'),
(51100074, '1102', '7, 8, 8.5,9, 9.5, 10, 11, 47', 'd85folbtd4ffeignym8p-jr-mercurial-superfly-360-elite-big-kids-firm-ground-soccer-cleat-PPM7b1.jpg, ixc7v2xgrgcitrgclvju-jr-mercurial-superfly-360-elite-big-kids-firm-ground-soccer-cleat-PPM7b1.jpg, zqej9hv53rzxeubg2mq5-jr-mercurial-superfly-360-elite-big-kids-firm-ground-soccer-cleat-PPM7b1.jpg, zpehtt6elcnqv14k5bqf-jr-mercurial-superfly-360-elite-big-kids-firm-ground-soccer-cleat-PPM7b1.jpg, fdk346684pnepxqbuzga-jr-mercurial-superfly-360-elite-big-kids-firm-ground-soccer-cleat-PPM7b1.jpg, xm2u7otp9qcgouvehilm-jr-mercurial-superfly-360-elite-big-kids-firm-ground-soccer-cleat-PPM7b1.jpg, yztwo9jc1rtxytcj20uz-jr-mercurial-superfly-360-elite-big-kids-firm-ground-soccer-cleat-PPM7b1.jpg, jfklqczhhmwdkezqrnqs-jr-mercurial-superfly-360-elite-big-kids-firm-ground-soccer-cleat-PPM7b1.jpg', 1105180026, '2018-05-12 10:51:29', '2018-05-12 03:51:29'),
(51100075, '1104', '7, 8, 8.5,9, 9.5, 10, 11, 48', 'hurybfyd6nkhwmyrrotp-jr-mercurial-vapor-xii-academy-little-big-kids-multi-ground-soccer-cleat-89rwrL.jpg, bfqmqryk2sftciexb7fw-jr-mercurial-vapor-xii-academy-little-big-kids-multi-ground-soccer-cleat-89rwrL.jpg, b55fdtvhu3qbaaszrzze-jr-mercurial-vapor-xii-academy-little-big-kids-multi-ground-soccer-cleat-89rwrL.jpg, njczqlhncq4idea14drt-jr-mercurial-vapor-xii-academy-little-big-kids-multi-ground-soccer-cleat-89rwrL.jpg, zuipn4uyjfghqxhhame1-jr-mercurial-vapor-xii-academy-little-big-kids-multi-ground-soccer-cleat-89rwrL.jpg, as5sx1f8wouicokmduye-jr-mercurial-vapor-xii-academy-little-big-kids-multi-ground-soccer-cleat-89rwrL.jpg, zjaiba0thqkvzrj2gfkt-jr-mercurial-vapor-xii-academy-little-big-kids-multi-ground-soccer-cleat-89rwrL.jpg', 1105180027, '2018-05-12 10:51:29', '2018-05-12 03:51:29'),
(51100076, '1102', '7, 8, 8.5,9, 9.5, 10, 11, 49', 'gqlcyh1muhblt6by8q7p-jr-mercurial-vapor-xii-academy-little-big-kids-multi-ground-soccer-cleat-89rwrL.jpg, v4rgbatdszrtlebhjo6j-jr-mercurial-vapor-xii-academy-little-big-kids-multi-ground-soccer-cleat-89rwrL.jpg, ivae2rtdtdbaog4nyf5m-jr-mercurial-vapor-xii-academy-little-big-kids-multi-ground-soccer-cleat-89rwrL.jpg, mrbb0mnspxisqkb4qig6-jr-mercurial-vapor-xii-academy-little-big-kids-multi-ground-soccer-cleat-89rwrL.jpg, lhrvn8jfozrnmqk0rrde-jr-mercurial-vapor-xii-academy-little-big-kids-multi-ground-soccer-cleat-89rwrL.jpg, ylrwbf8kza1dbrjhfnay-jr-mercurial-vapor-xii-academy-little-big-kids-multi-ground-soccer-cleat-89rwrL.jpg, ilvu5qkqtz04lomewkkk-jr-mercurial-vapor-xii-academy-little-big-kids-multi-ground-soccer-cleat-89rwrL.jpg', 1105180027, '2018-05-12 10:51:29', '2018-05-12 03:51:29'),
(51100077, '1104', '7, 8, 8.5,9, 9.5, 10, 11, 50', 'ltoyscsnuyg5iufnski9-jr-superfly-vi-academy-mg-little-big-kids-multi-ground-soccer-cleat-ly2Obr.jpg, fef0lf0yvqo34akstkb6-jr-superfly-vi-academy-mg-little-big-kids-multi-ground-soccer-cleat-ly2Obr.jpg, fltf9fxphhwt82vqvrr9-jr-superfly-vi-academy-mg-little-big-kids-multi-ground-soccer-cleat-ly2Obr.jpg, vspwi9hmaw3myotoenln-jr-superfly-vi-academy-mg-little-big-kids-multi-ground-soccer-cleat-ly2Obr.jpg, sn2j8boctzzcmf71w18f-jr-superfly-vi-academy-mg-little-big-kids-multi-ground-soccer-cleat-ly2Obr.jpg, nvyjd1eckq8tmalxlpzl-jr-superfly-vi-academy-mg-little-big-kids-multi-ground-soccer-cleat-ly2Obr.jpg, a6ck02hq4bai2tei5bsq-jr-superfly-vi-academy-mg-little-big-kids-multi-ground-soccer-cleat-ly2Obr.jpg', 1105180028, '2018-05-12 10:51:29', '2018-05-12 03:51:29'),
(51100078, '1102', '7, 8, 8.5,9, 9.5, 10, 11, 51', 'd2fr0ipkati991jxtsx0-jr-mercurialx-superfly-vi-academy-little-big-kids-indoor-court-soccer-shoe-JJ4PNN.jpg, ymykxxklfmjf05szye30-jr-mercurialx-superfly-vi-academy-little-big-kids-indoor-court-soccer-shoe-JJ4PNN.jpg, acdawcmpgtui3xrlp7xe-jr-mercurialx-superfly-vi-academy-little-big-kids-indoor-court-soccer-shoe-JJ4PNN.jpg, yugitcsjluoflkquk0li-jr-mercurialx-superfly-vi-academy-little-big-kids-indoor-court-soccer-shoe-JJ4PNN.jpg, gcqu7fjgcmswepvcb2mj-jr-mercurialx-superfly-vi-academy-little-big-kids-indoor-court-soccer-shoe-JJ4PNN.jpg, mk15m0bdbgy3z40sbcgl-jr-mercurialx-superfly-vi-academy-little-big-kids-indoor-court-soccer-shoe-JJ4PNN.jpg', 1105180029, '2018-05-12 10:51:29', '2018-05-12 03:51:29'),
(51100079, '1104', '7, 8, 8.5,9, 9.5, 10, 11, 52', 'xkurqowtstpuchaevocb-jr-mercurialx-vapor-xii-academy-toddler-little-kids-multi-ground-soccer-cleat-WJVeLK.jpg, uweerspfltmw5y9tqql2-jr-mercurialx-vapor-xii-academy-toddler-little-kids-multi-ground-soccer-cleat-WJVeLK.jpg, xcfbfvqnwhl9gwhjnpix-jr-mercurialx-vapor-xii-academy-toddler-little-kids-multi-ground-soccer-cleat-WJVeLK.jpg, yrrubkj2gowo73x8kjkh-jr-mercurialx-vapor-xii-academy-toddler-little-kids-multi-ground-soccer-cleat-WJVeLK.jpg, nhznech9gywffqushef5-jr-mercurialx-vapor-xii-academy-toddler-little-kids-multi-ground-soccer-cleat-WJVeLK.jpg', 1105180030, '2018-05-12 10:51:29', '2018-05-12 03:51:29'),
(51100080, '1102', '7, 8, 8.5,9, 9.5, 10, 11, 53', 'n1dngfol19xwpfjscu5a-jr-mercurialx-vapor-xii-academy-toddler-little-kids-multi-ground-soccer-cleat-WJVeLK.jpg, dgxjzg9x70throm3p20j-jr-mercurialx-vapor-xii-academy-toddler-little-kids-multi-ground-soccer-cleat-WJVeLK.jpg, lqvogdbmtx9who8wkx8r-jr-mercurialx-vapor-xii-academy-toddler-little-kids-multi-ground-soccer-cleat-WJVeLK.jpg, xbndjdthviyfhetrrqd9-jr-mercurialx-vapor-xii-academy-toddler-little-kids-multi-ground-soccer-cleat-WJVeLK.jpg, ibqo2rj7w75hvykjh1as-jr-mercurialx-vapor-xii-academy-toddler-little-kids-multi-ground-soccer-cleat-WJVeLK.jpg', 1105180030, '2018-05-12 10:51:29', '2018-05-12 03:51:29'),
(51100081, '1103', '7, 8, 8.5,9, 9.5, 10, 11, 40', 'royj98jxzc8qxoseexlf-lebron-soldier-xii-big-kids-basketball-shoe-b6JQf1.jpg, eevgvoifim1lll4npx8i-lebron-soldier-xii-big-kids-basketball-shoe-b6JQf1.jpg, bg7c729dj14acu5tjlya-lebron-soldier-xii-big-kids-basketball-shoe-b6JQf1.jpg, qxlserkqiw3hmuvg2rko-lebron-soldier-xii-big-kids-basketball-shoe-b6JQf1.jpg, hc8yaym7dnlbhtoexjkc-lebron-soldier-xii-big-kids-basketball-shoe-b6JQf1.jpg, o5eym51ozdenjonxfvok-lebron-soldier-xii-big-kids-basketball-shoe-b6JQf1.jpg, r6vx353drpvu3kxh1f7w-lebron-soldier-xii-big-kids-basketball-shoe-b6JQf1.jpg', 1105180031, '2018-05-12 10:51:49', '2018-05-12 03:51:49'),
(51100082, '1113', '7, 8, 8.5,9, 9.5, 10, 11, 41', 'wtsyw8rgyomxmlkcyyuu-lebron-soldier-xii-big-kids-basketball-shoe-b6JQf1.jpg, s9vtzxvxa2inzhgs7i4j-lebron-soldier-xii-big-kids-basketball-shoe-b6JQf1.jpg, shzkrv9ccviqbz8ayzim-lebron-soldier-xii-big-kids-basketball-shoe-b6JQf1.jpg, skpywjwotqecfzmzigr2-lebron-soldier-xii-big-kids-basketball-shoe-b6JQf1.jpg, lzf3dkzcu7volimuoohr-lebron-soldier-xii-big-kids-basketball-shoe-b6JQf1.jpg, pekhadf6zmkbcvbphss3-lebron-soldier-xii-big-kids-basketball-shoe-b6JQf1.jpg, nikfidad7oa9ixkhhawv-lebron-soldier-xii-big-kids-basketball-shoe-b6JQf1.jpg', 1105180031, '2018-05-12 10:51:49', '2018-05-12 03:51:49'),
(51100083, '1104', '7, 8, 8.5,9, 9.5, 10, 11, 42', 'nc5tv7chqby5j1bqn7an-lebron-soldier-xii-big-kids-basketball-shoe-b6JQf1.jpg, gcfzst3xc2twnoaeyjk6-lebron-soldier-xii-big-kids-basketball-shoe-b6JQf1.jpg, u2q1swpmrbsugdovd0ql-lebron-soldier-xii-big-kids-basketball-shoe-b6JQf1.jpg, ycm8oidz0ufpd5pgb5rc-lebron-soldier-xii-big-kids-basketball-shoe-b6JQf1.jpg, nhiydax1usrkzwwohjdk-lebron-soldier-xii-big-kids-basketball-shoe-b6JQf1.jpg, pcu7mbkjigcnigts5ynw-lebron-soldier-xii-big-kids-basketball-shoe-b6JQf1.jpg, jszu3ne3s4ks81egfb1u-lebron-soldier-xii-big-kids-basketball-shoe-b6JQf1.jpg', 1105180031, '2018-05-12 10:51:49', '2018-05-12 03:51:49'),
(51100084, '1104', '7, 8, 8.5,9, 9.5, 10, 11, 43', 'pwlombrm0khdnbamrldh-lebron-15-big-kids-basketball-shoe-31VRf2.jpg, vkmoqlrfc4osc09m9suh-lebron-15-big-kids-basketball-shoe-31VRf2.jpg, lhivahhk8qv7erkjy53a-lebron-15-big-kids-basketball-shoe-31VRf2.jpg, bbuntwoms5yhiojh0djh-lebron-15-big-kids-basketball-shoe-31VRf2.jpg,  \"rkojd6kkjo9sbzdvjpqr-lebron-15-big-kids-basketball-shoe-31VRf2.jpg, xwbjokkqqrh9nihl0b5n-lebron-15-big-kids-basketball-shoe-31VRf2.jpg, f0wfwdnexswzcq7jvrqk-lebron-15-big-kids-basketball-shoe-31VRf2.jpg', 1105180032, '2018-05-12 10:51:49', '2018-05-12 03:51:49');
INSERT INTO `product_item` (`id`, `color`, `size`, `images`, `product_id`, `created`, `updated`) VALUES
(51100085, '1103', '7, 8, 8.5,9, 9.5, 10, 11, 44', 'bctl8lrtqtj2xwu3tobr-lebron-15-big-kids-basketball-shoe-31VRf2.jpg, rxrgbwsc4mqtbyc6djfo-lebron-15-big-kids-basketball-shoe-31VRf2.jpg, hseuaujmshnxjspwgylk-lebron-15-big-kids-basketball-shoe-31VRf2.jpg, amg8oqmhs0vivoxzd14p-lebron-15-big-kids-basketball-shoe-31VRf2.jpg, h7oaarlx1tznahkuhpxe-lebron-15-big-kids-basketball-shoe-31VRf2.jpg, yo964bjiywetlcw0gvse-lebron-15-big-kids-basketball-shoe-31VRf2.jpg, ulk7tghflkkokw4o5s2e-lebron-15-big-kids-basketball-shoe-31VRf2.jpg, eft2eqaruegscwbkbgpy-lebron-15-big-kids-basketball-shoe-31VRf2.jpg', 1105180032, '2018-05-12 10:51:49', '2018-05-12 03:51:49'),
(51100086, '1112', '7, 8, 8.5,9, 9.5, 10, 11, 45', 'vtcvpedfkrfc6ewda53j-lebron-15-big-kids-basketball-shoe-31VRf2.jpg, nbhq4uumhzn0p7pc9x19-lebron-15-big-kids-basketball-shoe-31VRf2.jpg, ujkriyr5wx25vyrcdpat-lebron-15-big-kids-basketball-shoe-31VRf2.jpg, ba3epf4tflag3wzpxlll-lebron-15-big-kids-basketball-shoe-31VRf2.jpg, b0c8wshn7hhxakeqztsh-lebron-15-big-kids-basketball-shoe-31VRf2.jpg, ekqhps6fdjdgkqjzxvfe-lebron-15-big-kids-basketball-shoe-31VRf2.jpg, paeudzmv4u4bqdnswvwt-lebron-15-big-kids-basketball-shoe-31VRf2.jpg, bki3k9ppg1brdixryvyl-lebron-15-big-kids-basketball-shoe-31VRf2.jpg, snhobjnehgw0bulzfmsw-lebron-15-big-kids-basketball-shoe-31VRf2.jpg', 1105180032, '2018-05-12 10:51:49', '2018-05-12 03:51:49'),
(51100087, '1107', '7, 8, 8.5,9, 9.5, 10, 11, 46', 'wtnmmsssxg8pt5l7tyep-lebron-15-big-kids-basketball-shoe-31VRf2.jpg, netiu0k8wrxxsfpe9d6n-lebron-15-big-kids-basketball-shoe-31VRf2.jpg, ut9iily1frdu1zff9uge-lebron-15-big-kids-basketball-shoe-31VRf2.jpg, onqqddylneif11isqje4-lebron-15-big-kids-basketball-shoe-31VRf2.jpg, dp3ffzymyh5luyhywfs3-lebron-15-big-kids-basketball-shoe-31VRf2.jpg, r0egwqiyn3rkpc1chvsl-lebron-15-big-kids-basketball-shoe-31VRf2.jpg', 1105180032, '2018-05-12 10:51:49', '2018-05-12 03:51:49'),
(51100088, '1113', '7, 8, 8.5,9, 9.5, 10, 11, 47', 'gn6s5aysg9rfqpwe8wly-lebron-soldier-xi-flyease-big-kids-basketball-shoe-nqJ93o.jpg, sbtjgzeojkctp9wzcrbe-lebron-soldier-xi-flyease-big-kids-basketball-shoe-nqJ93o.jpg, nnd2act7swluwlnh8k4w-lebron-soldier-xi-flyease-big-kids-basketball-shoe-nqJ93o.jpg, zp1lhg1wzobkc2lvzznu-lebron-soldier-xi-flyease-big-kids-basketball-shoe-nqJ93o.jpg, xcjflwlbxz9ofdug1ufm-lebron-soldier-xi-flyease-big-kids-basketball-shoe-nqJ93o.jpg, hxgxpvj3d9kiwzlbwgdl-lebron-soldier-xi-flyease-big-kids-basketball-shoe-nqJ93o.jpg, zrxisyfggwnxtja5jzea-lebron-soldier-xi-flyease-big-kids-basketball-shoe-nqJ93o.jpg', 1105180033, '2018-05-12 10:51:49', '2018-05-12 03:51:49'),
(51100089, '1104', '7, 8, 8.5,9, 9.5, 10, 11, 48', 'dmozzcxdjgl4oiks7tso-lebron-soldier-xi-flyease-big-kids-basketball-shoe-nqJ93o.jpg, f0otnoiptxmnsxgiulbl-lebron-soldier-xi-flyease-big-kids-basketball-shoe-nqJ93o.jpg, yeq42ius0vsvfuc5mnlp-lebron-soldier-xi-flyease-big-kids-basketball-shoe-nqJ93o.jpg,  \"yo8kkq4hmbqpcyemdggi-lebron-soldier-xi-flyease-big-kids-basketball-shoe-nqJ93o.jpg, zk2kabque1uemhfjzjqb-lebron-soldier-xi-flyease-big-kids-basketball-shoe-nqJ93o.jpg, eny8jy8jtogfh1tyhqcq-lebron-soldier-xi-flyease-big-kids-basketball-shoe-nqJ93o.jpg,  \"dmqxfiix8xc6cyg3atye-lebron-soldier-xi-flyease-big-kids-basketball-shoe-nqJ93o.jpg', 1105180033, '2018-05-12 10:51:49', '2018-05-12 03:51:49'),
(51100090, '1108', '7, 8, 8.5,9, 9.5, 10, 11, 49', 'nfjupm0fdrggg9cnwnog-lebron-soldier-xi-flyease-big-kids-basketball-shoe-nqJ93o.jpg, yu6sx3nreksejaf3k3e4-lebron-soldier-xi-flyease-big-kids-basketball-shoe-nqJ93o.jpg, anhe1p4ystsndksotd27-lebron-soldier-xi-flyease-big-kids-basketball-shoe-nqJ93o.jpg, x7hkbiz6jefmysjhrzdr-lebron-soldier-xi-flyease-big-kids-basketball-shoe-nqJ93o.jpg, e3ua0wx0p8n69aioe6fc-lebron-soldier-xi-flyease-big-kids-basketball-shoe-nqJ93o.jpg, bkuhsxtidwzvyeuyvm2w-lebron-soldier-xi-flyease-big-kids-basketball-shoe-nqJ93o.jpg, yl7miragpcj4z1zwutdh-lebron-soldier-xi-flyease-big-kids-basketball-shoe-nqJ93o.jpg', 1105180033, '2018-05-12 10:51:49', '2018-05-12 03:51:49'),
(51100091, '1103', '7, 8, 8.5,9, 9.5, 10, 11, 50', 'lxtslep9pu8r6q2kvag3-lebron-soldier-xi-flyease-big-kids-basketball-shoe-nqJ93o.jpg, xejalwmbqhcjgiyaokk2-lebron-soldier-xi-flyease-big-kids-basketball-shoe-nqJ93o.jpg, jqeork7o5zy6bg4lpq0x-lebron-soldier-xi-flyease-big-kids-basketball-shoe-nqJ93o.jpg, wtou8uroty6zt2dcv6zx-lebron-soldier-xi-flyease-big-kids-basketball-shoe-nqJ93o.jpg, wlkesvvpvfxixitv5upn-lebron-soldier-xi-flyease-big-kids-basketball-shoe-nqJ93o.jpg, do2eqhw84xmvgtmgsd69-lebron-soldier-xi-flyease-big-kids-basketball-shoe-nqJ93o.jpg, gmq1gyq2fenpcenhs6j3-lebron-soldier-xi-flyease-big-kids-basketball-shoe-nqJ93o.jpg', 1105180033, '2018-05-12 10:51:49', '2018-05-12 03:51:49'),
(51100092, '1103', '7, 8, 8.5,9, 9.5, 10, 11, 51', 'znzcrmrk85c4bwgtvibr-kyrie-4-big-kids-basketball-shoe-d4ZkEd.jpg, ml8pyanrwlemmj9zi8ks-kyrie-4-big-kids-basketball-shoe-d4ZkEd.jpg, uunie7wnfq6qcdpi94wx-kyrie-4-big-kids-basketball-shoe-d4ZkEd.jpg, ziqlmagcqz7hhe4twrzl-kyrie-4-big-kids-basketball-shoe-d4ZkEd.jpg, aojl0yymoofpeucqyzbs-kyrie-4-big-kids-basketball-shoe-d4ZkEd.jpg, a15lvqst2t1qpqaobvxp-kyrie-4-big-kids-basketball-shoe-d4ZkEd.jpg, bcvya81tvpoqogri2vju-kyrie-4-big-kids-basketball-shoe-d4ZkEd.jpg, vokqkotnn5kcpwvizcya-kyrie-4-big-kids-basketball-shoe-d4ZkEd.jpg', 1105180034, '2018-05-12 10:51:49', '2018-05-12 03:51:49'),
(51100093, '1109', '7, 8, 8.5,9, 9.5, 10, 11, 52', 'gpjun22rhvwjcks2skhb-kyrie-4-big-kids-basketball-shoe-d4ZkEd.jpg, c89gfbqvrorc7vlarcdy-kyrie-4-big-kids-basketball-shoe-d4ZkEd.jpg, joithioplaprwxgcjx5c-kyrie-4-big-kids-basketball-shoe-d4ZkEd.jpg, xcx3u1jxzwioho1kxljc-kyrie-4-big-kids-basketball-shoe-d4ZkEd.jpg, orreki9wtm6jrg3iutn4-kyrie-4-big-kids-basketball-shoe-d4ZkEd.jpg, n9mdsim8cr6scnnwb073-kyrie-4-big-kids-basketball-shoe-d4ZkEd.jpg, mtofrncanlmdakf6qlkp-kyrie-4-big-kids-basketball-shoe-d4ZkEd.jpg', 1105180034, '2018-05-12 10:51:49', '2018-05-12 03:51:49'),
(51100094, '1104', '7, 8, 8.5,9, 9.5, 10, 11, 53', 'yaj1dkkrvfgklryw8ec7-kyrie-4-big-kids-basketball-shoe-d4ZkEd.jpg, jmjkxlxbiutwwn1tx0gt-kyrie-4-big-kids-basketball-shoe-d4ZkEd.jpg, zrs1xkystnfldm8ezlnj-kyrie-4-big-kids-basketball-shoe-d4ZkEd.jpg, c3cbzpv0tibdxasyr0iz-kyrie-4-big-kids-basketball-shoe-d4ZkEd.jpg, j10q7bajgh9ehxlbvajl-kyrie-4-big-kids-basketball-shoe-d4ZkEd.jpg, cg0cdsxdapww2dkg4ucd-kyrie-4-big-kids-basketball-shoe-d4ZkEd.jpg', 1105180034, '2018-05-12 10:51:49', '2018-05-12 03:51:49'),
(51100095, '1104', '7, 8, 8.5,9, 9.5, 10, 11, 54', 'xlqmi9yavrnje8fszoc9-kyrie-4-mamba-big-kids-basketball-shoe-Qv8z84.jpg, aeogcioortjtcuyowcdj-kyrie-4-mamba-big-kids-basketball-shoe-Qv8z84.jpg, tyqvhx4n0joifjcehtqk-kyrie-4-mamba-big-kids-basketball-shoe-Qv8z84.jpg, abfmvrw2bkicd0tji79w-kyrie-4-mamba-big-kids-basketball-shoe-Qv8z84.jpg, dqaufndx6eyrm0ucw10k-kyrie-4-mamba-big-kids-basketball-shoe-Qv8z84.jpg, hxho5fvdktlfngcghp6l-kyrie-4-mamba-big-kids-basketball-shoe-Qv8z84.jpg', 1105180035, '2018-05-12 10:51:49', '2018-05-12 03:51:49'),
(51100096, '1101', '7, 8, 8.5,9, 9.5, 10, 11, 55', 'i6t1evcutvnn5rsiv91x-pg-2-big-kids-basketball-shoe-MegJRr.jpg, figlc7pyutfa1jvaxkiq-pg-2-big-kids-basketball-shoe-MegJRr.jpg, sojhcgzeikjrnxc5o27g-pg-2-big-kids-basketball-shoe-MegJRr.jpg, yuee6w5xr47rjd5wgozh-pg-2-big-kids-basketball-shoe-MegJRr.jpg, tj9jmygz2woitj6vwya8-pg-2-big-kids-basketball-shoe-MegJRr.jpg, ktu8o62u735ynt7u4ozd-pg-2-big-kids-basketball-shoe-MegJRr.jpg, hs74r1a26lkjjrda60jm-pg-2-big-kids-basketball-shoe-MegJRr.jpg, llignmakjxmct5v2qfjs-pg-2-big-kids-basketball-shoe-MegJRr.jpg', 1105180036, '2018-05-12 10:51:49', '2018-05-12 03:51:49'),
(51100097, '1107', '7, 8, 8.5,9, 9.5, 10, 11, 56', 'jwxvlrrvqslqoo0bpivy-pg-2-big-kids-basketball-shoe-MegJRr.jpg, e6f9j1qmqnvrvvbqrio6-pg-2-big-kids-basketball-shoe-MegJRr.jpg, mw9erlezga0cheotn5qa-pg-2-big-kids-basketball-shoe-MegJRr.jpg, qz1rcyd9nhpnq9u3fzjg-pg-2-big-kids-basketball-shoe-MegJRr.jpg, kellxqrcf0erik13s9s8-pg-2-big-kids-basketball-shoe-MegJRr.jpg, rqxtls1avwx973bigxt5-pg-2-big-kids-basketball-shoe-MegJRr.jpg, velxdkjne1lwlpkjfes3-pg-2-big-kids-basketball-shoe-MegJRr.jpg', 1105180036, '2018-05-12 10:51:49', '2018-05-12 03:51:49'),
(51100098, '1104', '7, 8, 8.5,9, 9.5, 10, 11, 57', 'wi07mnxmrmhfep3qr6jl-pg-2-big-kids-basketball-shoe-MegJRr.jpg, k1bbd4apwjsgz3bng1ze-pg-2-big-kids-basketball-shoe-MegJRr.jpg, c0wpgdixhjtuztyvpimx-pg-2-big-kids-basketball-shoe-MegJRr.jpg, b5db3hdj3vip8enz07db-pg-2-big-kids-basketball-shoe-MegJRr.jpg, uv0sz2v3o3zbzzvkxah7-pg-2-big-kids-basketball-shoe-MegJRr.jpg, tto4iadl2smjpkxfinzr-pg-2-big-kids-basketball-shoe-MegJRr.jpg, p4ealmfhuelmvlbbxtml-pg-2-big-kids-basketball-shoe-MegJRr.jpg, o2fmfucxilg0hjpryxpf-pg-2-big-kids-basketball-shoe-MegJRr.jpg', 1105180036, '2018-05-12 10:51:49', '2018-05-12 03:51:49'),
(51100099, '1101', '7, 8, 8.5,9, 9.5, 10, 11, 58', 'wjuzjzfthqx3oit7xw8k-zoom-kdx-le-big-kids-basketball-shoe-w8ToGwqz.jpg, g60kqpjmvxiti1tqtggr-zoom-kdx-le-big-kids-basketball-shoe-w8ToGwqz.jpg, yr3jh5h6mdmer9jn4onr-zoom-kdx-le-big-kids-basketball-shoe-w8ToGwqz.jpg, c1euy9uwtodfon6srszi-zoom-kdx-le-big-kids-basketball-shoe-w8ToGwqz.jpg, ltlh3lwvwx0bkhcpejf3-zoom-kdx-le-big-kids-basketball-shoe-w8ToGwqz.jpg, b9f54b0lj25uopl9bvxq-zoom-kdx-le-big-kids-basketball-shoe-w8ToGwqz.jpg, swgvtkipgd9su9ckww7g-zoom-kdx-le-big-kids-basketball-shoe-w8ToGwqz.jpg', 1105180037, '2018-05-12 10:51:49', '2018-05-12 03:51:49'),
(51100100, '1108', '7, 8, 8.5,9, 9.5, 10, 11, 59', 'kgwseaohofubpdimzbdp-zoom-kdx-le-big-kids-basketball-shoe-w8ToGwqz.jpg, cj3zzo5dfrn63obudldq-zoom-kdx-le-big-kids-basketball-shoe-w8ToGwqz.jpg, jo9mvgcgcsgrjbzoygk2-zoom-kdx-le-big-kids-basketball-shoe-w8ToGwqz.jpg, ohpmcz8wuwsqrlzbyell-zoom-kdx-le-big-kids-basketball-shoe-w8ToGwqz.jpg, derc45nh7ay89nbufjpy-zoom-kdx-le-big-kids-basketball-shoe-w8ToGwqz.jpg, vqzja0jzeah1tkhcwjjc-zoom-kdx-le-big-kids-basketball-shoe-w8ToGwqz.jpg,  \"fdxj57pblhcnyka7hwwa-zoom-kdx-le-big-kids-basketball-shoe-w8ToGwqz.jpg', 1105180037, '2018-05-12 10:51:49', '2018-05-12 03:51:49'),
(51100101, '1103', '7, 8, 8.5,9, 9.5, 10, 11, 60', 'rpuj6nndodp80eoj2yzf-team-hustle-d-8-little-kids-basketball-shoe-yATYnO7m.jpg, rd6fsvwtyspwaebby4t7-team-hustle-d-8-little-kids-basketball-shoe-yATYnO7m.jpg, zac1lg6syme1uhr1xyx5-team-hustle-d-8-little-kids-basketball-shoe-yATYnO7m.jpg, ry5xsccqtulo70zqlbai-team-hustle-d-8-little-kids-basketball-shoe-yATYnO7m.jpg', 1105180038, '2018-05-12 10:51:49', '2018-05-12 03:51:49'),
(51100102, '1104', '7, 8, 8.5,9, 9.5, 10, 11, 61', 'jxmnjrrwxeebct9o4xrm-team-hustle-d-8-little-kids-basketball-shoe-yATYnO7m.jpg, cpzva8bnut69p2lsdqxr-team-hustle-d-8-little-kids-basketball-shoe-yATYnO7m.jpg, d5clhifk27da0rixzlq9-team-hustle-d-8-little-kids-basketball-shoe-yATYnO7m.jpg, c1hwniuuntm63by7plws-team-hustle-d-8-little-kids-basketball-shoe-yATYnO7m.jpg', 1105180038, '2018-05-12 10:51:49', '2018-05-12 03:51:49'),
(51100103, '1108', '7, 8, 8.5,9, 9.5, 10, 11, 62', 'dx3syugxp2qdruqrlnzx-team-hustle-d-8-little-kids-basketball-shoe-yATYnO7m.jpg, skvvejegdmjb8xyrdpbx-team-hustle-d-8-little-kids-basketball-shoe-yATYnO7m.jpg, odxzmtx4nfeqq1kcvnus-team-hustle-d-8-little-kids-basketball-shoe-yATYnO7m.jpg, laqev9g4iirhg4qmsp3g-team-hustle-d-8-little-kids-basketball-shoe-yATYnO7m.jpg', 1105180038, '2018-05-12 10:51:49', '2018-05-12 03:51:49'),
(51100104, '1101', '7, 8, 8.5,9, 9.5, 10, 11, 63', 'fmfmitx59d9abiecg8kp-team-hustle-d-8-little-kids-basketball-shoe-yATYnO7m.jpg, kb8ztvp3iuqwalnwkepa-team-hustle-d-8-little-kids-basketball-shoe-yATYnO7m.jpg, k9lwr79l6efkl8mnhhn4-team-hustle-d-8-little-kids-basketball-shoe-yATYnO7m.jpg, b1pdbbuytmiozen9czxl-team-hustle-d-8-little-kids-basketball-shoe-yATYnO7m.jpg', 1105180038, '2018-05-12 10:51:49', '2018-05-12 03:51:49'),
(51100105, '1104', '7, 8, 8.5,9, 9.5, 10, 11, 64', 'qut2ibsyiojmpgkvqvle-team-hustle-quick-little-kids-shoe-moTB93z3.jpg, dcndlnr0sd0uhc0eia3v-team-hustle-quick-little-kids-shoe-moTB93z3.jpg, cg9owcfyxskjyrqvhmoz-team-hustle-quick-little-kids-shoe-moTB93z3.jpg, xqsx4lairs5d7rnajspx-team-hustle-quick-little-kids-shoe-moTB93z3.jpg, tionkbdsglle8jwjdgx5-team-hustle-quick-little-kids-shoe-moTB93z3.jpg, aihebljbfoe5gdul9et6-team-hustle-quick-little-kids-shoe-moTB93z3.jpg', 1105180039, '2018-05-12 10:51:49', '2018-05-12 03:51:49'),
(51100106, '1108', '7, 8, 8.5,9, 9.5, 10, 11, 65', 'i3jsrwsfyscu2dhogigd-team-hustle-quick-little-kids-shoe-moTB93z3.jpg, sntdmwwnnoesagitvtvu-team-hustle-quick-little-kids-shoe-moTB93z3.jpg, nz0elpxhhwim09gqddlz-team-hustle-quick-little-kids-shoe-moTB93z3.jpg, dmgsjn3e2dy6k99toiap-team-hustle-quick-little-kids-shoe-moTB93z3.jpg', 1105180039, '2018-05-12 10:51:49', '2018-05-12 03:51:49'),
(51100107, '1101', '7, 8, 8.5,9, 9.5, 10, 11, 66', 'jge2n2imgq9vf0vhmxts-team-hustle-quick-little-kids-shoe-moTB93z3.jpg, waqmu9pvayn62l8wmrqm-team-hustle-quick-little-kids-shoe-moTB93z3.jpg, utodczjrd4facgkc9vpl-team-hustle-quick-little-kids-shoe-moTB93z3.jpg, dymevp3dyyyusgxbg9zv-team-hustle-quick-little-kids-shoe-moTB93z3.jpg', 1105180039, '2018-05-12 10:51:49', '2018-05-12 03:51:49'),
(51100108, '1104', '7, 8, 8.5,9, 9.5, 10, 11, 67', 'jobukyhhsdrbulf7jqxf-zoom-kdx-big-kids-basketball-shoe-0yZGXe.jpg, snt7vl0kci55ydgmfzuw-zoom-kdx-big-kids-basketball-shoe-0yZGXe.jpg, ze89lfltawahkhz0agnb-zoom-kdx-big-kids-basketball-shoe-0yZGXe.jpg, z8je30mzsh3jtwid1wu9-zoom-kdx-big-kids-basketball-shoe-0yZGXe.jpg, dshzg1invqvncboweojf-zoom-kdx-big-kids-basketball-shoe-0yZGXe.jpg, f1tuuscc1f3mqiqptddo-zoom-kdx-big-kids-basketball-shoe-0yZGXe.jpg', 1105180040, '2018-05-12 10:51:49', '2018-05-12 03:51:49'),
(51100109, '1107', '7, 8, 8.5,9, 9.5, 10, 11, 68', 'lhhvssuprbiebzf05pet-zoom-kdx-big-kids-basketball-shoe-0yZGXe.jpg, jjxvdqi5k6vmcyihk4ot-zoom-kdx-big-kids-basketball-shoe-0yZGXe.jpg, tb8uot8rzoeyvfbbrjcr-zoom-kdx-big-kids-basketball-shoe-0yZGXe.jpg, etzwyemi4uvcxi4fhs82-zoom-kdx-big-kids-basketball-shoe-0yZGXe.jpg, hbhiiqv3mdoe7xksei82-zoom-kdx-big-kids-basketball-shoe-0yZGXe.jpg, jmnjdhboqjkzyamfny1b-zoom-kdx-big-kids-basketball-shoe-0yZGXe.jpg', 1105180040, '2018-05-12 10:51:49', '2018-05-12 03:51:49'),
(51100110, '1101', '7, 8, 8.5,9, 9.5, 10, 11, 69', 'ncjkz3asx98hnztqznww-zoom-kdx-big-kids-basketball-shoe-0yZGXe.jpg, v8qmbktblqm2xuxvcj2p-zoom-kdx-big-kids-basketball-shoe-0yZGXe.jpg, bus6ssatcim3rru0zwjb-zoom-kdx-big-kids-basketball-shoe-0yZGXe.jpg, wtgir4tnqsxjs7qp7hbu-zoom-kdx-big-kids-basketball-shoe-0yZGXe.jpg, oz3jgcujbfps67xt0fn7-zoom-kdx-big-kids-basketball-shoe-0yZGXe.jpg, xmpm3lqhfgqubl06ke1f-zoom-kdx-big-kids-basketball-shoe-0yZGXe.jpg, oqmkdcmru76igq0d1eye-zoom-kdx-big-kids-basketball-shoe-0yZGXe.jpg', 1105180040, '2018-05-12 10:51:49', '2018-05-12 03:51:49'),
(51100111, '1103', '7, 8, 8.5,9, 9.5, 10, 11, 40', 'dwml7rm7phdmgjijua5v-precision-jr-kids-golf-shoe-KyTwzbMy.jpg, dfqdeyvdlfm5kemm23im-precision-jr-kids-golf-shoe-KyTwzbMy.jpg, yrsrzhflznarlixq3oa9-precision-jr-kids-golf-shoe-KyTwzbMy.jpg, soxkp0pwnmcgfgbz3oxx-precision-jr-kids-golf-shoe-KyTwzbMy.jpg, m8nhsssruotojsocvqrf-precision-jr-kids-golf-shoe-KyTwzbMy.jpg, aelagwpvyyh2jtgfvc9x-precision-jr-kids-golf-shoe-KyTwzbMy.jpg', 1105180041, '2018-05-12 10:52:25', '2018-05-12 03:52:25'),
(51100112, '1104', '7, 8, 8.5,9, 9.5, 10, 11, 41', 'fxnujj97h5cph6qijkqn-roshe-jr-little-big-kids-golf-shoe-gXTOK1Zq.jpg, ii432sxdjtxlriqxpkls-roshe-jr-little-big-kids-golf-shoe-gXTOK1Zq.jpg, nyuglfkpsyz2t4qur7dz-roshe-jr-little-big-kids-golf-shoe-gXTOK1Zq.jpg, mj4nipwih5h3uasnsaj7-roshe-jr-little-big-kids-golf-shoe-gXTOK1Zq.jpg, zo1hatsj0mu2efjo6ega-roshe-jr-little-big-kids-golf-shoe-gXTOK1Zq.jpg, vtlanbywzheg1c42tssk-roshe-jr-little-big-kids-golf-shoe-gXTOK1Zq.jpg, rmzjyegeluhx1ec2fwff-roshe-jr-little-big-kids-golf-shoe-gXTOK1Zq.jpg', 1105180042, '2018-05-12 10:52:25', '2018-05-12 03:52:25'),
(51100113, '1108', '7, 8, 8.5,9, 9.5, 10, 11, 42', 'tpn5d6gyufuqr9gj8qeu-roshe-jr-little-big-kids-golf-shoe-gXTOK1Zq.jpg, zfnrh6scoai39iofrgc3-roshe-jr-little-big-kids-golf-shoe-gXTOK1Zq.jpg, blhppqgcmbak1uyxig7r-roshe-jr-little-big-kids-golf-shoe-gXTOK1Zq.jpg, y03tyfw5oymogudjayde-roshe-jr-little-big-kids-golf-shoe-gXTOK1Zq.jpg, mxgjcouh7ewffb8tm57f-roshe-jr-little-big-kids-golf-shoe-gXTOK1Zq.jpg, w6kapdd7yq9ijux1glvw-roshe-jr-little-big-kids-golf-shoe-gXTOK1Zq.jpg, ajo2nkf9olzfadekmvpb-roshe-jr-little-big-kids-golf-shoe-gXTOK1Zq.jpg', 1105180042, '2018-05-12 10:52:25', '2018-05-12 03:52:25'),
(51100114, '1112', '7, 8, 8.5,9, 9.5, 10, 11, 43', 'zbxj2cweqlccmcyziehm-roshe-jr-little-big-kids-golf-shoe-gXTOK1Zq.jpg, lf8y3ogw0j7d5jpzb3xh-roshe-jr-little-big-kids-golf-shoe-gXTOK1Zq.jpg, lsw0jymn7su9vivzn4gj-roshe-jr-little-big-kids-golf-shoe-gXTOK1Zq.jpg, qznpeoc3zuwbbgattxpe-roshe-jr-little-big-kids-golf-shoe-gXTOK1Zq.jpg, fexhexqhryyrqmaf8pfd-roshe-jr-little-big-kids-golf-shoe-gXTOK1Zq.jpg, xtuoxl8mnokhqy0n9lnx-roshe-jr-little-big-kids-golf-shoe-gXTOK1Zq.jpg, anzp6w0vgljtdc8boubf-roshe-jr-little-big-kids-golf-shoe-gXTOK1Zq.jpg', 1105180042, '2018-05-12 10:52:25', '2018-05-12 03:52:25'),
(51100115, '1104', '7, 8, 8.5,9, 9.5, 10, 11, 40', 'pggq5ihv2oikbcpfoimh-sb-air-max-bruin-vapor-big-kids-skateboarding-shoe-JzMWV4.jpg, fmqq3qkqiwo9myerdskj-sb-air-max-bruin-vapor-big-kids-skateboarding-shoe-JzMWV4.jpg, rjppowkpewixemd5ma2g-sb-air-max-bruin-vapor-big-kids-skateboarding-shoe-JzMWV4.jpg, noc4hojpwehqnjw8a1od-sb-air-max-bruin-vapor-big-kids-skateboarding-shoe-JzMWV4.jpg, qsx5owye2aih8e5j0xcj-sb-air-max-bruin-vapor-big-kids-skateboarding-shoe-JzMWV4.jpg, jua0uz5fassdtt4ek5b5-sb-air-max-bruin-vapor-big-kids-skateboarding-shoe-JzMWV4.jpg', 1105180061, '2018-05-12 10:52:41', '2018-05-12 03:52:41'),
(51100116, '1109', '7, 8, 8.5,9, 9.5, 10, 11, 41', 'seudleug8fmb0tjr9vtr-sb-portmore-ii-ultralight-big-kids-skateboarding-shoe-ONeZdq.jpg, dxzwkwh1xope9mzb9gqg-sb-portmore-ii-ultralight-big-kids-skateboarding-shoe-ONeZdq.jpg, glpddibrhgkqhwfzgkip-sb-portmore-ii-ultralight-big-kids-skateboarding-shoe-ONeZdq.jpg, hobkace8g6fpfecij95d-sb-portmore-ii-ultralight-big-kids-skateboarding-shoe-ONeZdq.jpg, tg5f70n11scraffbeixc-sb-portmore-ii-ultralight-big-kids-skateboarding-shoe-ONeZdq.jpg, zpkrtuhqmhyixl4uwide-sb-portmore-ii-ultralight-big-kids-skateboarding-shoe-ONeZdq.jpg', 1105180062, '2018-05-12 10:52:41', '2018-05-12 03:52:41'),
(51100117, '1109', '7, 8, 8.5,9, 9.5, 10, 11, 42', 'uy1lpvricc2xjeplnvks-zoom-stefan-janoski-big-kids-skateboarding-shoe-1qTbqRVp.jpg, peopsghtdbzihrfpr66c-zoom-stefan-janoski-big-kids-skateboarding-shoe-1qTbqRVp.jpg, jkpufxts2ndk8djtdrby-zoom-stefan-janoski-big-kids-skateboarding-shoe-1qTbqRVp.jpg, vehpjxntmtu2y1sszecn-zoom-stefan-janoski-big-kids-skateboarding-shoe-1qTbqRVp.jpg, z092elxgc3y8x0lsk7zu-zoom-stefan-janoski-big-kids-skateboarding-shoe-1qTbqRVp.jpg, achzdxkt9ahbxj3fuh39-zoom-stefan-janoski-big-kids-skateboarding-shoe-1qTbqRVp.jpg', 1105180063, '2018-05-12 10:52:41', '2018-05-12 03:52:41'),
(51100118, '1104', '7, 8, 8.5,9, 9.5, 10, 11, 43', 'zf9rae0oct2vhuxayy1s-sb-stefan-janoski-infant-toddler-kids-shoe-ZwTJAK31.jpg, uacrckwzpqwc2nrnqv8c-sb-stefan-janoski-infant-toddler-kids-shoe-ZwTJAK31.jpg, wpz9e4sr1bthwiqotuft-sb-stefan-janoski-infant-toddler-kids-shoe-ZwTJAK31.jpg', 1105180064, '2018-05-12 10:52:41', '2018-05-12 03:52:41'),
(51100119, '1103', '7, 8, 8.5,9, 9.5, 10, 11, 44', 'ke5gvzbzv6mvt5ktt2n3-sb-check-canvas-big-kids-skateboarding-shoe-PxRKOX.jpg, dsxiay4bdmwio1hnhtoy-sb-check-canvas-big-kids-skateboarding-shoe-PxRKOX.jpg, sat6h1sjgjqdau3mxnum-sb-check-canvas-big-kids-skateboarding-shoe-PxRKOX.jpg, khpnbo3z5gv3i046qjtb-sb-check-canvas-big-kids-skateboarding-shoe-PxRKOX.jpg, p7g9is6jjavhtbgrflss-sb-check-canvas-big-kids-skateboarding-shoe-PxRKOX.jpg, epuazgqng6etjmgzwmuj-sb-check-canvas-big-kids-skateboarding-shoe-PxRKOX.jpg', 1105180065, '2018-05-12 10:52:41', '2018-05-12 03:52:41'),
(51100120, '1104', '7, 8, 8.5,9, 9.5, 10, 11, 45', 'atbpz8csnfwsfpgydiwv-sb-check-canvas-big-kids-skateboarding-shoe-PxRKOX.jpg, kybfawkqdmdvoyyptuhb-sb-check-canvas-big-kids-skateboarding-shoe-PxRKOX.jpg, ly330irt4fahdwzxl6rd-sb-check-canvas-big-kids-skateboarding-shoe-PxRKOX.jpg, opk7kpec3mgqyoqahg6f-sb-check-canvas-big-kids-skateboarding-shoe-PxRKOX.jpg, n9f5ufgju71iob5lr5ss-sb-check-canvas-big-kids-skateboarding-shoe-PxRKOX.jpg, jfn1x99snlrasosj0exs-sb-check-canvas-big-kids-skateboarding-shoe-PxRKOX.jpg', 1105180065, '2018-05-12 10:52:41', '2018-05-12 03:52:41'),
(51100121, '1103', '7, 8, 8.5,9, 9.5, 10, 11, 46', 'x3fz2nvmwsqak9ynuggy-sb-stefan-janoski-canvas-slip-on-little-kids-skateboarding-shoe-AKTdqw0V.jpg, tf8vw6gofvpyaqep3mut-sb-stefan-janoski-canvas-slip-on-little-kids-skateboarding-shoe-AKTdqw0V.jpg, cr9cy5mczdbh0smbneux-sb-stefan-janoski-canvas-slip-on-little-kids-skateboarding-shoe-AKTdqw0V.jpg, ods2ruao7xtzdnwuxzoo-sb-stefan-janoski-canvas-slip-on-little-kids-skateboarding-shoe-AKTdqw0V.jpg', 1105180066, '2018-05-12 10:52:41', '2018-05-12 03:52:41'),
(51100122, '1104', '7, 8, 8.5,9, 9.5, 10, 11, 47', 'muuzrb9qehrl6yvezqgi-sb-stefan-janoski-canvas-slip-on-little-kids-skateboarding-shoe-AKTdqw0V.jpg, ep4rnspi1ahtkkynpnn2-sb-stefan-janoski-canvas-slip-on-little-kids-skateboarding-shoe-AKTdqw0V.jpg, krp48qimt1mhldzlbvbj-sb-stefan-janoski-canvas-slip-on-little-kids-skateboarding-shoe-AKTdqw0V.jpg, tmqefc7ywlamustm79ss-sb-stefan-janoski-canvas-slip-on-little-kids-skateboarding-shoe-AKTdqw0V.jpg', 1105180066, '2018-05-12 10:52:41', '2018-05-12 03:52:41'),
(51100123, '1113', '7, 8, 8.5,9, 9.5, 10, 11, 48', 'flukjugu3dznjub1ckv9-stefan-janoski-max-little-kids-shoe-RnWloz.jpg, ojpvwgn7yqpncjycsz5n-stefan-janoski-max-little-kids-shoe-RnWloz.jpg, wu1ypujihskf2wne8ttj-stefan-janoski-max-little-kids-shoe-RnWloz.jpg, fgudteznactulrhtqgjl-stefan-janoski-max-little-kids-shoe-RnWloz.jpg, nnwqh4utaf5ydyf31tno-stefan-janoski-max-little-kids-shoe-RnWloz.jpg, dxm197lccwwytfzqwo1v-stefan-janoski-max-little-kids-shoe-RnWloz.jpg', 1105180067, '2018-05-12 10:52:41', '2018-05-12 03:52:41'),
(51100124, '1104', '7, 8, 8.5,9, 9.5, 10, 11, 49', 'qr8lzdpe5hk3i3zffmwz-stefan-janoski-max-little-kids-shoe-RnWloz.jpg, h56j75siakc1a6xfueko-stefan-janoski-max-little-kids-shoe-RnWloz.jpg, lksprslg6wdecy6rj3og-stefan-janoski-max-little-kids-shoe-RnWloz.jpg, modr6t5akx41ki5zcdqe-stefan-janoski-max-little-kids-shoe-RnWloz.jpg', 1105180067, '2018-05-12 10:52:41', '2018-05-12 03:52:41'),
(51100125, '1101', '7, 8, 8.5,9, 9.5, 10, 11, 50', 'r9epqug8otbtyaxti37f-sb-stefan-janoski-max-big-kids-skateboarding-shoe-WyTAM02v.jpg, hdg0fqgeakkk7sftgi8m-sb-stefan-janoski-max-big-kids-skateboarding-shoe-WyTAM02v.jpg, iru8wjwshiqrnidgbalu-sb-stefan-janoski-max-big-kids-skateboarding-shoe-WyTAM02v.jpg, ad2hrkv4hkyqvmpiht0v-sb-stefan-janoski-max-big-kids-skateboarding-shoe-WyTAM02v.jpg, puwlg9txmlibotr10x43-sb-stefan-janoski-max-big-kids-skateboarding-shoe-WyTAM02v.jpg, qfk7uzvkpgivwhuazzuo-sb-stefan-janoski-max-big-kids-skateboarding-shoe-WyTAM02v.jpg, oquz5h2azbzsgorq5ee4-sb-stefan-janoski-max-big-kids-skateboarding-shoe-WyTAM02v.jpg, wri1fhnqdsvkf7htbncu-sb-stefan-janoski-max-big-kids-skateboarding-shoe-WyTAM02v.jpg', 1105180068, '2018-05-12 10:52:41', '2018-05-12 03:52:41'),
(51100126, '1113', '7, 8, 8.5,9, 9.5, 10, 11, 51', 'odmdhbydmqjaby2x5h41-sb-stefan-janoski-max-big-kids-skateboarding-shoe-WyTAM02v.jpg, ebhvcr2iciocjjvsldxl-sb-stefan-janoski-max-big-kids-skateboarding-shoe-WyTAM02v.jpg, wshcuodrx7zxqecbqyq3-sb-stefan-janoski-max-big-kids-skateboarding-shoe-WyTAM02v.jpg, dh6giewmd9ukxhl2mgii-sb-stefan-janoski-max-big-kids-skateboarding-shoe-WyTAM02v.jpg, igoe2ddm8b8usbjciy8h-sb-stefan-janoski-max-big-kids-skateboarding-shoe-WyTAM02v.jpg, zy8a3jbatym0qi6r70e6-sb-stefan-janoski-max-big-kids-skateboarding-shoe-WyTAM02v.jpg, ayr3gtszuy2s9bi9da9c-sb-stefan-janoski-max-big-kids-skateboarding-shoe-WyTAM02v.jpg, jrdc5jdsm74dg8uiqvnu-sb-stefan-janoski-max-big-kids-skateboarding-shoe-WyTAM02v.jpg', 1105180068, '2018-05-12 10:52:41', '2018-05-12 03:52:41'),
(51100127, '1104', '7, 8, 8.5,9, 9.5, 10, 11, 52', 'xtwuoaboekg57p6w9fht-sb-stefan-janoski-max-big-kids-skateboarding-shoe-WyTAM02v.jpg, o3x2vkkgaqcgcmwmk157-sb-stefan-janoski-max-big-kids-skateboarding-shoe-WyTAM02v.jpg, wftkixuoyis3ufatpygo-sb-stefan-janoski-max-big-kids-skateboarding-shoe-WyTAM02v.jpg, bndhjlxz9fa74u3twtvk-sb-stefan-janoski-max-big-kids-skateboarding-shoe-WyTAM02v.jpg, tdubzpnqjqfyaqa4ccmf-sb-stefan-janoski-max-big-kids-skateboarding-shoe-WyTAM02v.jpg, sqmmlndzwaztu4nvitxz-sb-stefan-janoski-max-big-kids-skateboarding-shoe-WyTAM02v.jpg', 1105180068, '2018-05-12 10:52:41', '2018-05-12 03:52:41'),
(51100128, '1114', '7, 8, 8.5,9, 9.5, 10, 11, 53', 'v3dtxayu8xoa4qmu8ueo-sb-stefan-janoski-max-big-kids-skateboarding-shoe-WyTAM02v.jpg, gpolacac1khwyudeiyoa-sb-stefan-janoski-max-big-kids-skateboarding-shoe-WyTAM02v.jpg, kiepcabod3qb0g4mzod4-sb-stefan-janoski-max-big-kids-skateboarding-shoe-WyTAM02v.jpg, xugbsmsx9cvg74qgsrah-sb-stefan-janoski-max-big-kids-skateboarding-shoe-WyTAM02v.jpg, k3y0gvvylqy26rfj1ypo-sb-stefan-janoski-max-big-kids-skateboarding-shoe-WyTAM02v.jpg, rjf3bosd7gp2rjtu2q7w-sb-stefan-janoski-max-big-kids-skateboarding-shoe-WyTAM02v.jpg', 1105180068, '2018-05-12 10:52:41', '2018-05-12 03:52:41'),
(51100129, '1103', '7, 8, 8.5,9, 9.5, 10, 11, 40', 'gu7fopkfn4ic0xky0izm-vapor-ultrafly-keystone-wide-little-big-kids-baseball-cleat-r8c06c.jpg, cmeav4p1xvhx4llftubr-vapor-ultrafly-keystone-wide-little-big-kids-baseball-cleat-r8c06c.jpg, u4fferloobral0bwipvu-vapor-ultrafly-keystone-wide-little-big-kids-baseball-cleat-r8c06c.jpg, rquafexq2xagrlkhzmiq-vapor-ultrafly-keystone-wide-little-big-kids-baseball-cleat-r8c06c.jpg, b2otusrbosigoto0cush-vapor-ultrafly-keystone-wide-little-big-kids-baseball-cleat-r8c06c.jpg, bxdsuveirh9qtanl3tvn-vapor-ultrafly-keystone-wide-little-big-kids-baseball-cleat-r8c06c.jpg, dqxxmgmfp4w0j0wwutx0-vapor-ultrafly-keystone-wide-little-big-kids-baseball-cleat-r8c06c.jpg', 1105180051, '2018-05-12 10:52:59', '2018-05-12 03:52:59'),
(51100130, '1103', '7, 8, 8.5,9, 9.5, 10, 11, 41', 'ixabzlkn5p87z66kghzc-alpha-huarache-keystone-mid-little-big-kids-baseball-cleat-Jb43nk.jpg, lxbkshoe8mazydsb9thx-alpha-huarache-keystone-mid-little-big-kids-baseball-cleat-Jb43nk.jpg, qyvg29k48forg2wxtbjx-alpha-huarache-keystone-mid-little-big-kids-baseball-cleat-Jb43nk.jpg, zow9phy8nysi6n95ef3a-alpha-huarache-keystone-mid-little-big-kids-baseball-cleat-Jb43nk.jpg, fybnqznqbbmnzadif76g-alpha-huarache-keystone-mid-little-big-kids-baseball-cleat-Jb43nk.jpg, kzndnudxkceyo1btfybi-alpha-huarache-keystone-mid-little-big-kids-baseball-cleat-Jb43nk.jpg, nicd4ksiwnppborheakf-alpha-huarache-keystone-mid-little-big-kids-baseball-cleat-Jb43nk.jpg', 1105180052, '2018-05-12 10:52:59', '2018-05-12 03:52:59'),
(51100131, '1103', '7, 8, 8.5,9, 9.5, 10, 11, 42', 'akdqwyu2hegnszljs47t-force-air-trout-4-pro-mcs-big-kids-baseball-cleat-87AMe4.jpg, es4zunnzzyxt1auzys8i-force-air-trout-4-pro-mcs-big-kids-baseball-cleat-87AMe4.jpg, iysv0issgy14gvl3gcdh-force-air-trout-4-pro-mcs-big-kids-baseball-cleat-87AMe4.jpg, hz2fqudrkspio5yvedd0-force-air-trout-4-pro-mcs-big-kids-baseball-cleat-87AMe4.jpg, lwrgz1uw6da9jxshecdh-force-air-trout-4-pro-mcs-big-kids-baseball-cleat-87AMe4.jpg, iw5jz0d5fjasgupqu95j-force-air-trout-4-pro-mcs-big-kids-baseball-cleat-87AMe4.jpg, srlhsxxwxhtbjq5tss4o-force-air-trout-4-pro-mcs-big-kids-baseball-cleat-87AMe4.jpg', 1105180053, '2018-05-12 10:52:59', '2018-05-12 03:52:59'),
(51100132, '1103', '7, 8, 8.5,9, 9.5, 10, 11, 43', 'iwvskvzrlwu406a6jjfn-vapor-ultrafly-keystone-little-big-kids-baseball-cleat-dPT0DlKR.jpg, hjoxsr1bxryfnow674az-vapor-ultrafly-keystone-little-big-kids-baseball-cleat-dPT0DlKR.jpg, dfozduvzktztsmfadvic-vapor-ultrafly-keystone-little-big-kids-baseball-cleat-dPT0DlKR.jpg, pgwg2wmwf82yrujvdeul-vapor-ultrafly-keystone-little-big-kids-baseball-cleat-dPT0DlKR.jpg, rekygqre4vjlcqli0btq-vapor-ultrafly-keystone-little-big-kids-baseball-cleat-dPT0DlKR.jpg, qnoyjy3sdnzfgtzjvnnz-vapor-ultrafly-keystone-little-big-kids-baseball-cleat-dPT0DlKR.jpg, uwmd17pbunmoxbvge9wd-vapor-ultrafly-keystone-little-big-kids-baseball-cleat-dPT0DlKR.jpg', 1105180054, '2018-05-12 10:52:59', '2018-05-12 03:52:59'),
(51100133, '1101', '7, 8, 8.5,9, 9.5, 10, 11, 44', 'aclypceukpxgrqtxst0t-vapor-ultrafly-keystone-little-big-kids-baseball-cleat-dPT0DlKR.jpg, wgnilh7czskelcprhv3u-vapor-ultrafly-keystone-little-big-kids-baseball-cleat-dPT0DlKR.jpg, gxkizqdyiniyuqcbxlwy-vapor-ultrafly-keystone-little-big-kids-baseball-cleat-dPT0DlKR.jpg, odjpv7dxerj4glfk5z0n-vapor-ultrafly-keystone-little-big-kids-baseball-cleat-dPT0DlKR.jpg, emytdh3wra7ywaycigeb-vapor-ultrafly-keystone-little-big-kids-baseball-cleat-dPT0DlKR.jpg, ikiu12gxsdchrwg3m7g6-vapor-ultrafly-keystone-little-big-kids-baseball-cleat-dPT0DlKR.jpg', 1105180054, '2018-05-12 10:52:59', '2018-05-12 03:52:59'),
(51100134, '1101', '7, 8, 8.5,9, 9.5, 10, 11, 45', 'pzbbleyvy0z6jquxlnsb-force-trout-4-keystone-little-big-kids-baseball-cleat-YPTA32OM.jpg, wrhobrc7l5rqu8ntbp5r-force-trout-4-keystone-little-big-kids-baseball-cleat-YPTA32OM.jpg, szhj8fjxribbgphjbeyg-force-trout-4-keystone-little-big-kids-baseball-cleat-YPTA32OM.jpg, qsu3byxzlylhgh8yfjsy-force-trout-4-keystone-little-big-kids-baseball-cleat-YPTA32OM.jpg, d7bmzokrwka1q8cile72-force-trout-4-keystone-little-big-kids-baseball-cleat-YPTA32OM.jpg, yp35oqnhghsiq6j8a46g-force-trout-4-keystone-little-big-kids-baseball-cleat-YPTA32OM.jpg, s3tc7vpxriixnggkapum-force-trout-4-keystone-little-big-kids-baseball-cleat-YPTA32OM.jpg', 1105180055, '2018-05-12 10:52:59', '2018-05-12 03:52:59'),
(51100135, '1104', '7, 8, 8.5,9, 9.5, 10, 11, 46', 'sikhomlch7vspn4raiic-force-trout-4-keystone-little-big-kids-baseball-cleat-YPTA32OM.jpg, nekgjrhysnyunxetme7x-force-trout-4-keystone-little-big-kids-baseball-cleat-YPTA32OM.jpg, bq9bhxlz3l192or0wvpl-force-trout-4-keystone-little-big-kids-baseball-cleat-YPTA32OM.jpg, vgokwonrjnjj5dnectlk-force-trout-4-keystone-little-big-kids-baseball-cleat-YPTA32OM.jpg, ialvsmnz0ya6ooia1xlk-force-trout-4-keystone-little-big-kids-baseball-cleat-YPTA32OM.jpg, hzl89dt2mkp33nf4rf8a-force-trout-4-keystone-little-big-kids-baseball-cleat-YPTA32OM.jpg, miu3mfdqkywpfzdvkdr8-force-trout-4-keystone-little-big-kids-baseball-cleat-YPTA32OM.jpg', 1105180055, '2018-05-12 10:52:59', '2018-05-12 03:52:59'),
(51100136, '1108', '7, 8, 8.5,9, 9.5, 10, 11, 47', 'cyhhiailyttnyujaygst-force-trout-4-keystone-little-big-kids-baseball-cleat-YPTA32OM.jpg, j69cjfqkk5c0nbijefav-force-trout-4-keystone-little-big-kids-baseball-cleat-YPTA32OM.jpg, rocupwz6tibpqzanxqmx-force-trout-4-keystone-little-big-kids-baseball-cleat-YPTA32OM.jpg, rstdkarwwh7ut4awbnp7-force-trout-4-keystone-little-big-kids-baseball-cleat-YPTA32OM.jpg, vk1wgombibrg956gzajn-force-trout-4-keystone-little-big-kids-baseball-cleat-YPTA32OM.jpg, llrvvy4h5itpwfxxe1uc-force-trout-4-keystone-little-big-kids-baseball-cleat-YPTA32OM.jpg, odaq0qso5tkp5zemonvu-force-trout-4-keystone-little-big-kids-baseball-cleat-YPTA32OM.jpg', 1105180055, '2018-05-12 10:52:59', '2018-05-12 03:52:59'),
(51100137, '1103', '7, 8, 8.5,9, 9.5, 10, 11, 40', 'tblusywypokw2y9d7ryy-epic-react-flyknit-big-kids-running-shoe-xqTPKlqE.jpg, mawliyradjeiqysotaz0-epic-react-flyknit-big-kids-running-shoe-xqTPKlqE.jpg, qadvkka2souvu1aw4xqh-epic-react-flyknit-big-kids-running-shoe-xqTPKlqE.jpg, t9sovskbnamefbrpmdui-epic-react-flyknit-big-kids-running-shoe-xqTPKlqE.jpg, yrpqpce4mytdturhuaxq-epic-react-flyknit-big-kids-running-shoe-xqTPKlqE.jpg, kofeplznfawpq3afquwr-epic-react-flyknit-big-kids-running-shoe-xqTPKlqE.jpg, ocxv5eud0jyqf9pxhsfb-epic-react-flyknit-big-kids-running-shoe-xqTPKlqE.jpg', 1105180071, '2018-05-12 10:53:16', '2018-05-12 03:53:16'),
(51100138, '1104', '7, 8, 8.5,9, 9.5, 10, 11, 41', 'ri44nmimcg90e9xwkdge-epic-react-flyknit-big-kids-running-shoe-xqTPKlqE.jpg, ptvaf807gmmv6jtirfdp-epic-react-flyknit-big-kids-running-shoe-xqTPKlqE.jpg, dppnwicop1oufdhr3ukp-epic-react-flyknit-big-kids-running-shoe-xqTPKlqE.jpg, vkrcayqxcqqpcldelfbe-epic-react-flyknit-big-kids-running-shoe-xqTPKlqE.jpg, urahxs4luzpzngvheoiw-epic-react-flyknit-big-kids-running-shoe-xqTPKlqE.jpg, cp5uqd0jdta68qnutrvi-epic-react-flyknit-big-kids-running-shoe-xqTPKlqE.jpg, bovn3v0xoytu1bolfgsk-epic-react-flyknit-big-kids-running-shoe-xqTPKlqE.jpg, aa1tkcqsbmh65yr8uw0g-epic-react-flyknit-big-kids-running-shoe-xqTPKlqE.jpg', 1105180071, '2018-05-12 10:53:16', '2018-05-12 03:53:16'),
(51100139, '1107', '7, 8, 8.5,9, 9.5, 10, 11, 42', 'dlgibbqqcohqk61byzpj-epic-react-flyknit-big-kids-running-shoe-xqTPKlqE.jpg, obnzyr5j5vuroyghx0q7-epic-react-flyknit-big-kids-running-shoe-xqTPKlqE.jpg, tjoxqetzp0alla4fhl8e-epic-react-flyknit-big-kids-running-shoe-xqTPKlqE.jpg, yay9ckafvnyhljetzy54-epic-react-flyknit-big-kids-running-shoe-xqTPKlqE.jpg, qroqk112bhrdiyl1gv9p-epic-react-flyknit-big-kids-running-shoe-xqTPKlqE.jpg, pwejudz6uimwrqecaaba-epic-react-flyknit-big-kids-running-shoe-xqTPKlqE.jpg, npumdf0fsxsepufj7wht-epic-react-flyknit-big-kids-running-shoe-xqTPKlqE.jpg, e7gpv128aynb2r8ywuyb-epic-react-flyknit-big-kids-running-shoe-xqTPKlqE.jpg', 1105180071, '2018-05-12 10:53:16', '2018-05-12 03:53:16'),
(51100140, '1101', '7, 8, 8.5,9, 9.5, 10, 11, 43', 'uuy4mhsujakz7mjztrbx-air-max-sequent-3-big-kids-running-shoe-TNXQBR.jpg, uqnbqravxpkz9ptvgjvn-air-max-sequent-3-big-kids-running-shoe-TNXQBR.jpg, vn1acytbckk9su5selut-air-max-sequent-3-big-kids-running-shoe-TNXQBR.jpg, yoi6n1m0addhahuoe2mg-air-max-sequent-3-big-kids-running-shoe-TNXQBR.jpg, opwk1js9ivilgbcos5uk-air-max-sequent-3-big-kids-running-shoe-TNXQBR.jpg, t1anmeuid5cdutiw5bpl-air-max-sequent-3-big-kids-running-shoe-TNXQBR.jpg, xixblwayzvxxpqb5icwq-air-max-sequent-3-big-kids-running-shoe-TNXQBR.jpg', 1105180072, '2018-05-12 10:53:16', '2018-05-12 03:53:16'),
(51100141, '1102', '7, 8, 8.5,9, 9.5, 10, 11, 44', 'etsgmdvxpjb6sbk068qa-air-max-sequent-3-big-kids-running-shoe-TNXQBR.jpg, n6epsnn0kftxaolnvtfm-air-max-sequent-3-big-kids-running-shoe-TNXQBR.jpg, xnbn0iinpajseyo8sejn-air-max-sequent-3-big-kids-running-shoe-TNXQBR.jpg, yihgybbm3dt61z1tcjbl-air-max-sequent-3-big-kids-running-shoe-TNXQBR.jpg, p3rp2cklfsc7cgmd1hs9-air-max-sequent-3-big-kids-running-shoe-TNXQBR.jpg, jzysokivfyytqo6zjdrx-air-max-sequent-3-big-kids-running-shoe-TNXQBR.jpg, dawnvade3f4rpiixmzwn-air-max-sequent-3-big-kids-running-shoe-TNXQBR.jpg', 1105180072, '2018-05-12 10:53:16', '2018-05-12 03:53:16'),
(51100142, '1109', '7, 8, 8.5,9, 9.5, 10, 11, 45', 'pokhitzsribvczppdlzt-air-max-sequent-3-big-kids-running-shoe-TNXQBR.jpg, qmv6zpwelf23xrbhk4o2-air-max-sequent-3-big-kids-running-shoe-TNXQBR.jpg, lkc9thmu8ffv7b4curem-air-max-sequent-3-big-kids-running-shoe-TNXQBR.jpg, ow6k3rqavecpafl1pmsh-air-max-sequent-3-big-kids-running-shoe-TNXQBR.jpg, npd2avoutt1rzrcdmx9s-air-max-sequent-3-big-kids-running-shoe-TNXQBR.jpg, wnysquqf8l3yc8cxc6ip-air-max-sequent-3-big-kids-running-shoe-TNXQBR.jpg, l4hipheq9hsote7ei9pn-air-max-sequent-3-big-kids-running-shoe-TNXQBR.jpg', 1105180072, '2018-05-12 10:53:16', '2018-05-12 03:53:16'),
(51100143, '1104', '7, 8, 8.5,9, 9.5, 10, 11, 46', 'vh2qt1h8jhgyw2tyi7ff-air-max-sequent-3-big-kids-running-shoe-TNXQBR.jpg, nrqkryjnu9zx2p3qdfex-air-max-sequent-3-big-kids-running-shoe-TNXQBR.jpg, yci0vkvp4dptqd6jmpyn-air-max-sequent-3-big-kids-running-shoe-TNXQBR.jpg, fenf0ih2pnmrtz3ikaa4-air-max-sequent-3-big-kids-running-shoe-TNXQBR.jpg, xueockrpn8dwd0mdjssk-air-max-sequent-3-big-kids-running-shoe-TNXQBR.jpg, cw83fx6qh56sohxildtt-air-max-sequent-3-big-kids-running-shoe-TNXQBR.jpg', 1105180072, '2018-05-12 10:53:16', '2018-05-12 03:53:16'),
(51100144, '1103', '7, 8, 8.5,9, 9.5, 10, 11, 47', 'hlqyvfcpobxbhpz2fftj-air-max-sequent-3-big-kids-running-shoe-TNXQBR.jpg, kbfgf3gjsl9wswtd6ink-air-max-sequent-3-big-kids-running-shoe-TNXQBR.jpg, voxnbyxan2l9argzm6c3-air-max-sequent-3-big-kids-running-shoe-TNXQBR.jpg, a9mstbzug8tsyfezhgsm-air-max-sequent-3-big-kids-running-shoe-TNXQBR.jpg, wiwdj7xqwnwbzrvs3vkb-air-max-sequent-3-big-kids-running-shoe-TNXQBR.jpg, kjebgvbhcarmnziyyfyp-air-max-sequent-3-big-kids-running-shoe-TNXQBR.jpg, lqfmkkjdbbfsvwzj1jfh-air-max-sequent-3-big-kids-running-shoe-TNXQBR.jpg', 1105180072, '2018-05-12 10:53:16', '2018-05-12 03:53:16'),
(51100145, '1112', '7, 8, 8.5,9, 9.5, 10, 11, 48', 'pzjsplsm9zwokd7ecm9r-air-max-sequent-3-big-kids-running-shoe-TNXQBR.jpg, ewna2q5egwvyh4zfhnlz-air-max-sequent-3-big-kids-running-shoe-TNXQBR.jpg, jdsidiz42kahcoxq2cxx-air-max-sequent-3-big-kids-running-shoe-TNXQBR.jpg, ozhfj3kmbrsoissg2ply-air-max-sequent-3-big-kids-running-shoe-TNXQBR.jpg, xzwpyk7sm9yw7uxjpw96-air-max-sequent-3-big-kids-running-shoe-TNXQBR.jpg, ql4cvhuftf8nixag1xal-air-max-sequent-3-big-kids-running-shoe-TNXQBR.jpg', 1105180072, '2018-05-12 10:53:16', '2018-05-12 03:53:16'),
(51100146, '1107', '7, 8, 8.5,9, 9.5, 10, 11, 49', 'r8qoihyai9p4abwzkzuo-air-max-sequent-3-big-kids-running-shoe-TNXQBR.jpg, khcjvncluzzaq5ejluhd-air-max-sequent-3-big-kids-running-shoe-TNXQBR.jpg, umyrrftrrzecei7mwshj-air-max-sequent-3-big-kids-running-shoe-TNXQBR.jpg, qfyuomnuvnz4hkfzay6g-air-max-sequent-3-big-kids-running-shoe-TNXQBR.jpg, db3acmmmfeyp5qbez6js-air-max-sequent-3-big-kids-running-shoe-TNXQBR.jpg, cv8mkcvczttofpe3or7n-air-max-sequent-3-big-kids-running-shoe-TNXQBR.jpg', 1105180072, '2018-05-12 10:53:16', '2018-05-12 03:53:16'),
(51100147, '1104', '7, 8, 8.5,9, 9.5, 10, 11, 50', 'mmumfvnrnsm8dcvjfbwp-lunarsolo-big-kids-running-shoe-BLTBl02J.jpg, p0ruif59t9hcw9mbjlyu-lunarsolo-big-kids-running-shoe-BLTBl02J.jpg, ycnikqpbucxgrfndcfjb-lunarsolo-big-kids-running-shoe-BLTBl02J.jpg, p9n2burydjzohlckjxir-lunarsolo-big-kids-running-shoe-BLTBl02J.jpg, dg61zjlol4dzuye7vomo-lunarsolo-big-kids-running-shoe-BLTBl02J.jpg, sprrwoq4qt0hhngapojz-lunarsolo-big-kids-running-shoe-BLTBl02J.jpg', 1105180073, '2018-05-12 10:53:16', '2018-05-12 03:53:16'),
(51100148, '1101', '7, 8, 8.5,9, 9.5, 10, 11, 51', 'rsyki4gc6e1eva5amdmy-lunarsolo-big-kids-running-shoe-BLTBl02J.jpg, nt0bqtchvbuar6pwjnkd-lunarsolo-big-kids-running-shoe-BLTBl02J.jpg, gjsoj39eegovu7vc24wy-lunarsolo-big-kids-running-shoe-BLTBl02J.jpg, wr7ix2yc3jirhshgwrkc-lunarsolo-big-kids-running-shoe-BLTBl02J.jpg, vfbhqd7mh8mfoinw42gh-lunarsolo-big-kids-running-shoe-BLTBl02J.jpg, mfcivhgadlbzzqy7jmte-lunarsolo-big-kids-running-shoe-BLTBl02J.jpg', 1105180073, '2018-05-12 10:53:16', '2018-05-12 03:53:16'),
(51100149, '1111', '7, 8, 8.5,9, 9.5, 10, 11, 52', 'bsyowqawdfljyw2hpd7d-lunarsolo-big-kids-running-shoe-BLTBl02J.jpg, wktlj4ia0get5z5fgpsb-lunarsolo-big-kids-running-shoe-BLTBl02J.jpg, lkzp9j52hjnyrmc9hthd-lunarsolo-big-kids-running-shoe-BLTBl02J.jpg, edsf3erhjaaoi8qpmrfc-lunarsolo-big-kids-running-shoe-BLTBl02J.jpg, ewoplib1zfwo3rbgn4t7-lunarsolo-big-kids-running-shoe-BLTBl02J.jpg, ea2hxmpvnyjwfguh4dpl-lunarsolo-big-kids-running-shoe-BLTBl02J.jpg', 1105180073, '2018-05-12 10:53:16', '2018-05-12 03:53:16'),
(51100150, '1103', '7, 8, 8.5,9, 9.5, 10, 11, 53', 'kjqyuhvkr2pi8um8ufpl-lunarsolo-big-kids-running-shoe-BLTBl02J.jpg, pfjr0gby3xivtg6b6odk-lunarsolo-big-kids-running-shoe-BLTBl02J.jpg, x4aq3e6vxrhlxaijg7y4-lunarsolo-big-kids-running-shoe-BLTBl02J.jpg, k3z0szhzzyeudgrebxts-lunarsolo-big-kids-running-shoe-BLTBl02J.jpg, zb7fywqwciiducbhp9od-lunarsolo-big-kids-running-shoe-BLTBl02J.jpg, dpurxjlpxclaljuez7jh-lunarsolo-big-kids-running-shoe-BLTBl02J.jpg', 1105180073, '2018-05-12 10:53:16', '2018-05-12 03:53:16'),
(51100151, '1107', '7, 8, 8.5,9, 9.5, 10, 11, 54', 'nywqzehyxryt8gk4q1fm-air-vapormax-big-kids-running-shoe-Ppgdob.jpg, y1tl68vt5nvjm08cr8b5-air-vapormax-big-kids-running-shoe-Ppgdob.jpg, citwrrgulz7qcpns8fch-air-vapormax-big-kids-running-shoe-Ppgdob.jpg, uw7lr03avr8xqmoc3db8-air-vapormax-big-kids-running-shoe-Ppgdob.jpg, o8kznfnldw9yzlgjfmew-air-vapormax-big-kids-running-shoe-Ppgdob.jpg, s6fdwaeyyrcjtnrjhynd-air-vapormax-big-kids-running-shoe-Ppgdob.jpg, ifzhnyerlqutnemqfl5f-air-vapormax-big-kids-running-shoe-Ppgdob.jpg, tesqgwcrsj58jwcw34ry-air-vapormax-big-kids-running-shoe-Ppgdob.jpg, wlzic4bhyao6mtoxwmum-air-vapormax-big-kids-running-shoe-Ppgdob.jpg', 1105180074, '2018-05-12 10:53:16', '2018-05-12 03:53:16'),
(51100152, '1103', '7, 8, 8.5,9, 9.5, 10, 11, 55', 'qobjxjsqu1b548zcstey-air-vapormax-big-kids-running-shoe-Ppgdob.jpg, hcpaut3rjv60jtygvxpy-air-vapormax-big-kids-running-shoe-Ppgdob.jpg, tybuf2zhgbtzxmplgli4-air-vapormax-big-kids-running-shoe-Ppgdob.jpg, xpko3c7luuh8ywqpfsf6-air-vapormax-big-kids-running-shoe-Ppgdob.jpg, kxadbddnmicypexldvhs-air-vapormax-big-kids-running-shoe-Ppgdob.jpg, pzbm86yjwqxxcimi04gx-air-vapormax-big-kids-running-shoe-Ppgdob.jpg', 1105180074, '2018-05-12 10:53:16', '2018-05-12 03:53:16'),
(51100153, '1104', '7, 8, 8.5,9, 9.5, 10, 11, 56', 'kiuc47is1rzveftjnybj-air-vapormax-big-kids-running-shoe-Ppgdob.jpg, ouvy9hyldxxntoalhfei-air-vapormax-big-kids-running-shoe-Ppgdob.jpg, mbnqk0okktga7ujluupy-air-vapormax-big-kids-running-shoe-Ppgdob.jpg, vj0vbk0hymjreq2x2dil-air-vapormax-big-kids-running-shoe-Ppgdob.jpg, dnfpn9way0erqwpyjmnc-air-vapormax-big-kids-running-shoe-Ppgdob.jpg, uqfze4rdywl0vx6zbcnj-air-vapormax-big-kids-running-shoe-Ppgdob.jpg', 1105180074, '2018-05-12 10:53:16', '2018-05-12 03:53:16'),
(51100154, '1109', '7, 8, 8.5,9, 9.5, 10, 11, 57', 'kgeflqnwfwlpelfckfud-air-vapormax-big-kids-running-shoe-Ppgdob.jpg, kbfpo8vuyyevfmooae7w-air-vapormax-big-kids-running-shoe-Ppgdob.jpg, fq5c9ykwxjn6vabvn8oq-air-vapormax-big-kids-running-shoe-Ppgdob.jpg, pbpomcj7kiwcvn0q25da-air-vapormax-big-kids-running-shoe-Ppgdob.jpg, hzqsurvdadlnnw5qitrk-air-vapormax-big-kids-running-shoe-Ppgdob.jpg, hvcrjiaj2chdhdtmljd0-air-vapormax-big-kids-running-shoe-Ppgdob.jpg', 1105180074, '2018-05-12 10:53:16', '2018-05-12 03:53:16'),
(51100155, '1101', '7, 8, 8.5,9, 9.5, 10, 11, 58', 'kstrejsurcexvibwajjz-air-vapormax-big-kids-running-shoe-Ppgdob.jpg, iwevzxo3esz6vzo9tzyt-air-vapormax-big-kids-running-shoe-Ppgdob.jpg, rn4boczlmvfx6khpkj5c-air-vapormax-big-kids-running-shoe-Ppgdob.jpg, y7dnwotbet83cyds95rs-air-vapormax-big-kids-running-shoe-Ppgdob.jpg, sufnqn2oczturzvvzkii-air-vapormax-big-kids-running-shoe-Ppgdob.jpg, p1s3bb1egxyvb54eidgy-air-vapormax-big-kids-running-shoe-Ppgdob.jpg, xbkyedm4vmjtjficg9oz-air-vapormax-big-kids-running-shoe-Ppgdob.jpg', 1105180074, '2018-05-12 10:53:16', '2018-05-12 03:53:16'),
(51100156, '1101', '7, 8, 8.5,9, 9.5, 10, 11, 59', 'osxj3nwymlgtsigfdshn-free-rn-2018-big-kids-running-shoe-bjBDlz.jpg, hns5jxfpme9aedwjkul4-free-rn-2018-big-kids-running-shoe-bjBDlz.jpg, h0nnjxesyrclv5vcmo0p-free-rn-2018-big-kids-running-shoe-bjBDlz.jpg, w2rtbxo2hn64tutfqgr5-free-rn-2018-big-kids-running-shoe-bjBDlz.jpg, om4vjjd3pucsqxignhz4-free-rn-2018-big-kids-running-shoe-bjBDlz.jpg, lzdq2ctnzzzst20e0p1t-free-rn-2018-big-kids-running-shoe-bjBDlz.jpg, unbkxegqmjfsw7galiki-free-rn-2018-big-kids-running-shoe-bjBDlz.jpg', 1105180075, '2018-05-12 10:53:16', '2018-05-12 03:53:16'),
(51100157, '1104', '7, 8, 8.5,9, 9.5, 10, 11, 60', 'tzv3eeosenvkwme6jkp2-free-rn-2018-big-kids-running-shoe-bjBDlz.jpg, taejetdh54gts25zv931-free-rn-2018-big-kids-running-shoe-bjBDlz.jpg, ib7p6d0t2aolnq58eils-free-rn-2018-big-kids-running-shoe-bjBDlz.jpg, hribulg69bi5vfaqozbs-free-rn-2018-big-kids-running-shoe-bjBDlz.jpg, rnpfax9ppc288e21ufwg-free-rn-2018-big-kids-running-shoe-bjBDlz.jpg, ailzpq1opc0lw7nct5wv-free-rn-2018-big-kids-running-shoe-bjBDlz.jpg, vnoollh9upc6ow87qjhc-free-rn-2018-big-kids-running-shoe-bjBDlz.jpg', 1105180075, '2018-05-12 10:53:16', '2018-05-12 03:53:16'),
(51100158, '1112', '7, 8, 8.5,9, 9.5, 10, 11, 61', 'hv6ojkky34wfobmzpqmv-free-rn-2018-big-kids-running-shoe-bjBDlz.jpg, qrxlctmmba6qm34rrgj2-free-rn-2018-big-kids-running-shoe-bjBDlz.jpg, n8aeiwqwfyuuyzvilyp3-free-rn-2018-big-kids-running-shoe-bjBDlz.jpg, fczeq89cjbnfxtr7q80a-free-rn-2018-big-kids-running-shoe-bjBDlz.jpg, vep1dng10n0bqgx7dqh2-free-rn-2018-big-kids-running-shoe-bjBDlz.jpg, nwuuoecetnw2wzlxybaw-free-rn-2018-big-kids-running-shoe-bjBDlz.jpg, oypxyuto8ns44c2ja5yf-free-rn-2018-big-kids-running-shoe-bjBDlz.jpg', 1105180075, '2018-05-12 10:53:16', '2018-05-12 03:53:16'),
(51100159, '1108', '7, 8, 8.5,9, 9.5, 10, 11, 62', 'tbf7ezncwvzoee6qxmfw-free-rn-2018-big-kids-running-shoe-bjBDlz.jpg, ntmjd0qnniproa4hp5qh-free-rn-2018-big-kids-running-shoe-bjBDlz.jpg, v4yoqjpkxgftahftvbeu-free-rn-2018-big-kids-running-shoe-bjBDlz.jpg, sjlx8qqlu89ag8nvs2wr-free-rn-2018-big-kids-running-shoe-bjBDlz.jpg, bobct8mczyxrulnsiou3-free-rn-2018-big-kids-running-shoe-bjBDlz.jpg, hutzyegv3cmrpo2fomh8-free-rn-2018-big-kids-running-shoe-bjBDlz.jpg, vis8he3gs9wqcbcfnwo4-free-rn-2018-big-kids-running-shoe-bjBDlz.jpg', 1105180075, '2018-05-12 10:53:16', '2018-05-12 03:53:16'),
(51100160, '1111', '7, 8, 8.5,9, 9.5, 10, 11, 63', 'fxz99n9dqafp1u8usz70-free-rn-2018-big-kids-running-shoe-bjBDlz.jpg, uys6dphnihvf1slx0rg8-free-rn-2018-big-kids-running-shoe-bjBDlz.jpg, y4bu6zlfqzbzzgmpwnxd-free-rn-2018-big-kids-running-shoe-bjBDlz.jpg, prrodeauv7dyrw3xpuuu-free-rn-2018-big-kids-running-shoe-bjBDlz.jpg, grarm3dgs3kkliouakix-free-rn-2018-big-kids-running-shoe-bjBDlz.jpg, zr3ailqbvjvywzxyr0uc-free-rn-2018-big-kids-running-shoe-bjBDlz.jpg, ryxnkgvyxzavckncnlh2-free-rn-2018-big-kids-running-shoe-bjBDlz.jpg', 1105180075, '2018-05-12 10:53:16', '2018-05-12 03:53:16'),
(51100161, '1108', '7, 8, 8.5,9, 9.5, 10, 11, 64', 'ncwqt2uxdco3la1clw3q-revolution-4-big-kids-running-shoe-yA31yd.jpg, z3qesshqzmynogspf6lb-revolution-4-big-kids-running-shoe-yA31yd.jpg, nakfpetmhhlighzex60r-revolution-4-big-kids-running-shoe-yA31yd.jpg, bqd8gx2k66guxue5sjtx-revolution-4-big-kids-running-shoe-yA31yd.jpg, vsg33gstkswmwgiybxnn-revolution-4-big-kids-running-shoe-yA31yd.jpg, tqxlawdb6bhqdbnphm0r-revolution-4-big-kids-running-shoe-yA31yd.jpg', 1105180076, '2018-05-12 10:53:16', '2018-05-12 03:53:16'),
(51100162, '1112', '7, 8, 8.5,9, 9.5, 10, 11, 65', 'nclpmwv92abxajsifrvw-revolution-4-big-kids-running-shoe-yA31yd.jpg, k4mdbiu1apxch3e0xmp5-revolution-4-big-kids-running-shoe-yA31yd.jpg, twqolclczh7sfi5dgcgl-revolution-4-big-kids-running-shoe-yA31yd.jpg, v8c9x99d5a2js7rbedfn-revolution-4-big-kids-running-shoe-yA31yd.jpg, gkj9omwqefqx8j3xdkq0-revolution-4-big-kids-running-shoe-yA31yd.jpg, nl4i2aewbsygfmscirpp-revolution-4-big-kids-running-shoe-yA31yd.jpg', 1105180076, '2018-05-12 10:53:16', '2018-05-12 03:53:16'),
(51100163, '1109', '7, 8, 8.5,9, 9.5, 10, 11, 66', 'tk7x8ufzvifjejjcpved-revolution-4-big-kids-running-shoe-yA31yd.jpg, bsdsawe2gmavkixk1gr9-revolution-4-big-kids-running-shoe-yA31yd.jpg, uuk5g5knrfbatdwidvvp-revolution-4-big-kids-running-shoe-yA31yd.jpg, upclqvc1gkdmbhe7m5zv-revolution-4-big-kids-running-shoe-yA31yd.jpg, yo1ltitsejvu0migtpyf-revolution-4-big-kids-running-shoe-yA31yd.jpg, ff64gfw8xzzyyzjbeyri-revolution-4-big-kids-running-shoe-yA31yd.jpg', 1105180076, '2018-05-12 10:53:16', '2018-05-12 03:53:16'),
(51100164, '1104', '7, 8, 8.5,9, 9.5, 10, 11, 67', 'zufcevowkbh0yhdzk5vv-revolution-4-big-kids-running-shoe-yA31yd.jpg, budlow5xwfgps5epjhnr-revolution-4-big-kids-running-shoe-yA31yd.jpg, vegvvuxo9o4xl2htahrx-revolution-4-big-kids-running-shoe-yA31yd.jpg, zjfbyhlywaj8z8k4qfbc-revolution-4-big-kids-running-shoe-yA31yd.jpg, rvdzwmkft4ikquevgsjz-revolution-4-big-kids-running-shoe-yA31yd.jpg, eguznz9xzwz0gfhqndno-revolution-4-big-kids-running-shoe-yA31yd.jpg', 1105180076, '2018-05-12 10:53:16', '2018-05-12 03:53:16'),
(51100165, '1107', '7, 8, 8.5,9, 9.5, 10, 11, 68', 'and2t5sv5ujdn88d1xyo-revolution-4-big-kids-running-shoe-yA31yd.jpg, jwyno3v15yolpdwtgnif-revolution-4-big-kids-running-shoe-yA31yd.jpg, jqfaxg2j7v4gseatwerw-revolution-4-big-kids-running-shoe-yA31yd.jpg, tgzvqlsaqkasemlzl0zq-revolution-4-big-kids-running-shoe-yA31yd.jpg, ktcixuddsy4btyiffclq-revolution-4-big-kids-running-shoe-yA31yd.jpg, mgo2dpov3ud0wxrm3bvl-revolution-4-big-kids-running-shoe-yA31yd.jpg', 1105180076, '2018-05-12 10:53:16', '2018-05-12 03:53:16'),
(51100166, '1104', '7, 8, 8.5,9, 9.5, 10, 11, 69', 'qm4t85cq8sroctnje40k-jordan-grind-big-kids-training-shoe-xAoZrq.jpg, c3xsxgbodzmhwvvc33gg-jordan-grind-big-kids-training-shoe-xAoZrq.jpg, rjwm81wu0jcegmvf3qs7-jordan-grind-big-kids-training-shoe-xAoZrq.jpg, m0fttwyp0ltzaetwdpgk-jordan-grind-big-kids-training-shoe-xAoZrq.jpg, ld2edcrmz2edgzxzjflw-jordan-grind-big-kids-training-shoe-xAoZrq.jpg, rejjgfp4eoocidgecrvj-jordan-grind-big-kids-training-shoe-xAoZrq.jpg, zp67vnw2szgpyplfh6kp-jordan-grind-big-kids-training-shoe-xAoZrq.jpg', 1105180077, '2018-05-12 10:53:16', '2018-05-12 03:53:16'),
(51100167, '1108', '7, 8, 8.5,9, 9.5, 10, 11, 70', 'fvvra5lfapp5thvidt2a-revolution-3-infant-toddler-shoe-pbwzdG.jpg, ieb7r1jkoa0qafidksbt-revolution-3-infant-toddler-shoe-pbwzdG.jpg, mihouzavk6iasitih6ht-revolution-3-infant-toddler-shoe-pbwzdG.jpg, q0suljsnrftpknzeqmkw-revolution-3-infant-toddler-shoe-pbwzdG.jpg', 1105180078, '2018-05-12 10:53:16', '2018-05-12 03:53:16'),
(51100168, '1104', '7, 8, 8.5,9, 9.5, 10, 11, 71', 'a4rcx5faicblktkqmkus-revolution-4-flyease-big-kids-shoe-AlPPrJ.jpg, o60ocwef9tpscmde0bcs-revolution-4-flyease-big-kids-shoe-AlPPrJ.jpg, qyv7hxmulk4s7qdrla6h-revolution-4-flyease-big-kids-shoe-AlPPrJ.jpg, oblr16ivwskrs4x2vgiv-revolution-4-flyease-big-kids-shoe-AlPPrJ.jpg, uzur8smm7a299yatjvef-revolution-4-flyease-big-kids-shoe-AlPPrJ.jpg, tnowdrpanwhwymzkwtq3-revolution-4-flyease-big-kids-shoe-AlPPrJ.jpg, qiualhn8lofosiodkx5h-revolution-4-flyease-big-kids-shoe-AlPPrJ.jpg', 1105180079, '2018-05-12 10:53:16', '2018-05-12 03:53:16'),
(51100169, '1104', '7, 8, 8.5,9, 9.5, 10, 11, 72', 'ra4a4cmmsmsly2kjomyx-lunarepic-low-flyknit-2-big-kids-running-shoe-MlrRmj.jpg, asoexeahnbc9a5y52xtp-lunarepic-low-flyknit-2-big-kids-running-shoe-MlrRmj.jpg, myyse7r7uzjq7g7ncovt-lunarepic-low-flyknit-2-big-kids-running-shoe-MlrRmj.jpg, u6opbiqqk3szcvzxhbxg-lunarepic-low-flyknit-2-big-kids-running-shoe-MlrRmj.jpg, sm1fbffzmir3bmoejw6q-lunarepic-low-flyknit-2-big-kids-running-shoe-MlrRmj.jpg, ro5ipgazo6ieivxo59dz-lunarepic-low-flyknit-2-big-kids-running-shoe-MlrRmj.jpg, swq6d7yqewjsjeqfe1ur-lunarepic-low-flyknit-2-big-kids-running-shoe-MlrRmj.jpg', 1105180080, '2018-05-12 10:53:16', '2018-05-12 03:53:16');
INSERT INTO `product_item` (`id`, `color`, `size`, `images`, `product_id`, `created`, `updated`) VALUES
(51100170, '1114', '7, 8, 8.5,9, 9.5, 10, 11, 73', 'y9euay7jliutihnsdzrm-lunarepic-low-flyknit-2-big-kids-running-shoe-MlrRmj.jpg, zhlpsmgq09ihmwkrtort-lunarepic-low-flyknit-2-big-kids-running-shoe-MlrRmj.jpg, i4f5npyzy1rvpkjzhxkj-lunarepic-low-flyknit-2-big-kids-running-shoe-MlrRmj.jpg, vfjoxm77yqtrtrdakhdy-lunarepic-low-flyknit-2-big-kids-running-shoe-MlrRmj.jpg, x8cwuirlncuwbqfgbe96-lunarepic-low-flyknit-2-big-kids-running-shoe-MlrRmj.jpg, nhsyzupqlap1tbzfwgni-lunarepic-low-flyknit-2-big-kids-running-shoe-MlrRmj.jpg, cenw2wad37oqkhm1nxy1-lunarepic-low-flyknit-2-big-kids-running-shoe-MlrRmj.jpg', 1105180080, '2018-05-12 10:53:16', '2018-05-12 03:53:16'),
(51100171, '1108', '7, 8, 8.5,9, 9.5, 10, 11, 74', 'xgqkicx4cve3mscdq8dd-lunarepic-low-flyknit-2-big-kids-running-shoe-MlrRmj.jpg, aa8glfjpuzgjxetxbkwt-lunarepic-low-flyknit-2-big-kids-running-shoe-MlrRmj.jpg, itoezbpjcolegjahtesq-lunarepic-low-flyknit-2-big-kids-running-shoe-MlrRmj.jpg, we9y5rbfhuskdbbxapuc-lunarepic-low-flyknit-2-big-kids-running-shoe-MlrRmj.jpg, qgmguvpgqfs8qy869q1y-lunarepic-low-flyknit-2-big-kids-running-shoe-MlrRmj.jpg, waxlq1soamajr3klqefh-lunarepic-low-flyknit-2-big-kids-running-shoe-MlrRmj.jpg, kteaqbllsvqcfcxy4ail-lunarepic-low-flyknit-2-big-kids-running-shoe-MlrRmj.jpg', 1105180080, '2018-05-12 10:53:16', '2018-05-12 03:53:16'),
(51100172, '1101', '7, 8, 8.5,9, 9.5, 10, 11, 75', 'pbyuhxeh4svh7fc6m9pc-flex-contact-big-kids-running-shoe-JAxNxZ.jpg, akhhcqghfj3e1pc0q2vc-flex-contact-big-kids-running-shoe-JAxNxZ.jpg, x34jy9fhewfwqjevnhcv-flex-contact-big-kids-running-shoe-JAxNxZ.jpg, snojtlmqkhja2pqjadfc-flex-contact-big-kids-running-shoe-JAxNxZ.jpg, rotspdhh3wbivr38adda-flex-contact-big-kids-running-shoe-JAxNxZ.jpg, nkedo86oqylk2eh2v0mi-flex-contact-big-kids-running-shoe-JAxNxZ.jpg, bquhlsp2i4vxk27ohuoo-flex-contact-big-kids-running-shoe-JAxNxZ.jpg', 1105180081, '2018-05-12 10:53:16', '2018-05-12 03:53:16'),
(51100173, '1104', '7, 8, 8.5,9, 9.5, 10, 11, 76', 'szddd0bkjwxkbluk7ldh-flex-contact-big-kids-running-shoe-JAxNxZ.jpg, cokc3nwnewoc9pr7bmkd-flex-contact-big-kids-running-shoe-JAxNxZ.jpg, mm7fyclmukeddiqjldxe-flex-contact-big-kids-running-shoe-JAxNxZ.jpg, dbsjbpvpbjgaltsiks3h-flex-contact-big-kids-running-shoe-JAxNxZ.jpg, v3nz6hxs7klzkm2erscn-flex-contact-big-kids-running-shoe-JAxNxZ.jpg, tha7njmisfdoedadc0pf-flex-contact-big-kids-running-shoe-JAxNxZ.jpg, jhnm1bxcwto2c3porgij-flex-contact-big-kids-running-shoe-JAxNxZ.jpg', 1105180081, '2018-05-12 10:53:16', '2018-05-12 03:53:16'),
(51100174, '1109', '7, 8, 8.5,9, 9.5, 10, 11, 77', 'j17i0xjgosxqrpw81bw5-flex-contact-big-kids-running-shoe-JAxNxZ.jpg, u3g870wkvxwtlxl8z7ud-flex-contact-big-kids-running-shoe-JAxNxZ.jpg, dper28meruuugcj6zoxz-flex-contact-big-kids-running-shoe-JAxNxZ.jpg, eyojbivxkfur4mjz6fqf-flex-contact-big-kids-running-shoe-JAxNxZ.jpg, omv214w5wco5u2ghdryz-flex-contact-big-kids-running-shoe-JAxNxZ.jpg, n5ir2oisqlvturo8k1eo-flex-contact-big-kids-running-shoe-JAxNxZ.jpg, tfbeuvdyg7yiadtnbtbb-flex-contact-big-kids-running-shoe-JAxNxZ.jpg', 1105180081, '2018-05-12 10:53:16', '2018-05-12 03:53:16'),
(51100175, '1104', '7, 8, 8.5,9, 9.5, 10, 11, 78', 'tnt2z51jkkgnmls3gftf-zoom-pegasus-34-flyease-big-kids-running-shoe-JYOGWd.jpg, df8ox8r4amuwj53dtm6m-zoom-pegasus-34-flyease-big-kids-running-shoe-JYOGWd.jpg, s2wtsh6wxf57rshjnyln-zoom-pegasus-34-flyease-big-kids-running-shoe-JYOGWd.jpg, z1lqjlsmkbsaf0gds14z-zoom-pegasus-34-flyease-big-kids-running-shoe-JYOGWd.jpg, tmm5z3t2fthkgzpgx0yz-zoom-pegasus-34-flyease-big-kids-running-shoe-JYOGWd.jpg, ej1ebdtypgyn9mtioapo-zoom-pegasus-34-flyease-big-kids-running-shoe-JYOGWd.jpg', 1105180082, '2018-05-12 10:53:16', '2018-05-12 03:53:16'),
(51100176, '1101', '7, 8, 8.5,9, 9.5, 10, 11, 79', 'elz0nsqhrwgzljppfmlt-zoom-pegasus-34-flyease-big-kids-running-shoe-JYOGWd.jpg, ac7z68ps2lhppmjc2keb-zoom-pegasus-34-flyease-big-kids-running-shoe-JYOGWd.jpg, wwnhhsntp89hthlzeuze-zoom-pegasus-34-flyease-big-kids-running-shoe-JYOGWd.jpg, uhqfusjnijnymfowc6xd-zoom-pegasus-34-flyease-big-kids-running-shoe-JYOGWd.jpg, bi2nvkjqfvsffmlnkmlf-zoom-pegasus-34-flyease-big-kids-running-shoe-JYOGWd.jpg, pizemymn9rph5bzceu5a-zoom-pegasus-34-flyease-big-kids-running-shoe-JYOGWd.jpg, mrm2msbxiomapnlelkmm-zoom-pegasus-34-flyease-big-kids-running-shoe-JYOGWd.jpg', 1105180082, '2018-05-12 10:53:16', '2018-05-12 03:53:16'),
(51100177, '1112', '7, 8, 8.5,9, 9.5, 10, 11, 80', 'yq7zf8omap3de1wjjzoj-zoom-pegasus-34-flyease-big-kids-running-shoe-JYOGWd.jpg, jv1uqomqs6exl0jxqiwa-zoom-pegasus-34-flyease-big-kids-running-shoe-JYOGWd.jpg, rztjdvnl28rb3imy4omn-zoom-pegasus-34-flyease-big-kids-running-shoe-JYOGWd.jpg, rirg9gejyq6a34as0egw-zoom-pegasus-34-flyease-big-kids-running-shoe-JYOGWd.jpg, lpltnh51yabrbtpsa2ey-zoom-pegasus-34-flyease-big-kids-running-shoe-JYOGWd.jpg, nztqadmy6lfqaeff7hic-zoom-pegasus-34-flyease-big-kids-running-shoe-JYOGWd.jpg, jaypu6vkndb99jua3dvt-zoom-pegasus-34-flyease-big-kids-running-shoe-JYOGWd.jpg, ctk9fykcnvtvqr5e6py5-zoom-pegasus-34-flyease-big-kids-running-shoe-JYOGWd.jpg', 1105180082, '2018-05-12 10:53:16', '2018-05-12 03:53:16'),
(51100178, '1104', '7, 8, 8.5,9, 9.5, 10, 11, 81', 'dik3ogkeggnbvproahcn-revolution-4-fade-little-kids-shoe-D3xn2n.jpg, m2y26smo98zndy1e8zyr-revolution-4-fade-little-kids-shoe-D3xn2n.jpg, gkgowhi50d8bsnew4i0b-revolution-4-fade-little-kids-shoe-D3xn2n.jpg, higjozvc2ou8smpmavwc-revolution-4-fade-little-kids-shoe-D3xn2n.jpg, oo5zjkjrk9accvlf8jqb-revolution-4-fade-little-kids-shoe-D3xn2n.jpg', 1105180083, '2018-05-12 10:53:16', '2018-05-12 03:53:16'),
(51100179, '1109', '7, 8, 8.5,9, 9.5, 10, 11, 82', ' h4nqwargmmycclebg1ld-revolution-4-fade-little-kids-shoe-D3xn2n.jpg, j3dgz8p5ifrjc2hacqzr-revolution-4-fade-little-kids-shoe-D3xn2n.jpg, w5de64ujcamjyokb2rpq-revolution-4-fade-little-kids-shoe-D3xn2n.jpg, rbm0lt63zezdlyp4xfwg-revolution-4-fade-little-kids-shoe-D3xn2n.jpg, vg42egwekw6z9fejacrz-revolution-4-fade-little-kids-shoe-D3xn2n.jpg', 1105180083, '2018-05-12 10:53:16', '2018-05-12 03:53:16'),
(51100180, '1104', '7, 8, 8.5,9, 9.5, 10, 11, 83', 'ill0jdnicidnnwzqcc7p-free-rn-flyknit-2017-big-kids-running-shoe-9LWVx3.jpg, doxktzblyn9godv6qibt-free-rn-flyknit-2017-big-kids-running-shoe-9LWVx3.jpg, rf2ycmrvx8babvkie9qk-free-rn-flyknit-2017-big-kids-running-shoe-9LWVx3.jpg, nnpemai0ghrbpvqxtchx-free-rn-flyknit-2017-big-kids-running-shoe-9LWVx3.jpg, xzwl2sgb04qifo0acb7m-free-rn-flyknit-2017-big-kids-running-shoe-9LWVx3.jpg, u3g69v2kna6p2bxasc4r-free-rn-flyknit-2017-big-kids-running-shoe-9LWVx3.jpg, fnczlalnv4wbtoapczas-free-rn-flyknit-2017-big-kids-running-shoe-9LWVx3.jpg, gswwoqdai8zon5auqhu5-free-rn-flyknit-2017-big-kids-running-shoe-9LWVx3.jpg', 1105180084, '2018-05-12 10:53:16', '2018-05-12 03:53:16'),
(51100181, '1109', '7, 8, 8.5,9, 9.5, 10, 11, 84', 'yhat6clnavx7uxqxvzk7-free-rn-flyknit-2017-big-kids-running-shoe-9LWVx3.jpg, yeedc4qbcyumdswswj8m-free-rn-flyknit-2017-big-kids-running-shoe-9LWVx3.jpg, qclecgau95olpjcg8mjt-free-rn-flyknit-2017-big-kids-running-shoe-9LWVx3.jpg, loi7kyrpglolvk5mk7f6-free-rn-flyknit-2017-big-kids-running-shoe-9LWVx3.jpg, mzh5zybhycrhc1vde47w-free-rn-flyknit-2017-big-kids-running-shoe-9LWVx3.jpg, ja72qgxjqdf0cobi8828-free-rn-flyknit-2017-big-kids-running-shoe-9LWVx3.jpg,  \"sknn70qllckz7emcpwga-free-rn-flyknit-2017-big-kids-running-shoe-9LWVx3.jpg, hvh6zhjhjykl0ygaamge-free-rn-flyknit-2017-big-kids-running-shoe-9LWVx3.jpg', 1105180084, '2018-05-12 10:53:16', '2018-05-12 03:53:16'),
(51100182, '1101', '7, 8, 8.5,9, 9.5, 10, 11, 85', 'gmicapdduf3hhfcojpgx-free-rn-flyknit-2017-big-kids-running-shoe-9LWVx3.jpg, wbzbasowst5jtkyrt6zs-free-rn-flyknit-2017-big-kids-running-shoe-9LWVx3.jpg, yvmnlaelcobecjr6ulj8-free-rn-flyknit-2017-big-kids-running-shoe-9LWVx3.jpg, bsacsyifq2v1inbv9j60-free-rn-flyknit-2017-big-kids-running-shoe-9LWVx3.jpg, iuknpwriph2l620ihno4-free-rn-flyknit-2017-big-kids-running-shoe-9LWVx3.jpg, fbbebod5wx932hsjvaeq-free-rn-flyknit-2017-big-kids-running-shoe-9LWVx3.jpg, b9px0rd5pktpzmmkzfhw-free-rn-flyknit-2017-big-kids-running-shoe-9LWVx3.jpg', 1105180084, '2018-05-12 10:53:16', '2018-05-12 03:53:16'),
(51100183, '1104', '7, 8, 8.5,9, 9.5, 10, 11, 86', 'ndilmbdx6ecb9c21qtf2-star-runner-little-kids-shoe-R2lGyA.jpg, mr4lsqj5vfmtauyyauyn-star-runner-little-kids-shoe-R2lGyA.jpg, mkiighvszd1prqlfxbfq-star-runner-little-kids-shoe-R2lGyA.jpg, nd2nihr1kqpn9v2irgfk-star-runner-little-kids-shoe-R2lGyA.jpg, zle6eso3h75xj58eqce6-star-runner-little-kids-shoe-R2lGyA.jpg', 1105180085, '2018-05-12 10:53:16', '2018-05-12 03:53:16'),
(51100184, '1109', '7, 8, 8.5,9, 9.5, 10, 11, 87', 'uaozpkowbmypxmpjjrnl-star-runner-little-kids-shoe-R2lGyA.jpg, enuazd7yweg7gu5ki1wn-star-runner-little-kids-shoe-R2lGyA.jpg, si0rdyoruhi3adk7jqnr-star-runner-little-kids-shoe-R2lGyA.jpg, pgfhnwiyftya3z5cp88y-star-runner-little-kids-shoe-R2lGyA.jpg, a0nqya8hvavepcx5ugc1-star-runner-little-kids-shoe-R2lGyA.jpg, miqow0w5fqxio9ivhmsi-star-runner-little-kids-shoe-R2lGyA.jpg', 1105180085, '2018-05-12 10:53:16', '2018-05-12 03:53:16'),
(51100185, '1101', '7, 8, 8.5,9, 9.5, 10, 11, 88', 'vzqjyitadwvbaqtpsagl-star-runner-little-kids-shoe-R2lGyA.jpg, wymayjrkjlfzvl2nk2va-star-runner-little-kids-shoe-R2lGyA.jpg, vmdqb3fnjnrgn4x4kxzr-star-runner-little-kids-shoe-R2lGyA.jpg, xovzbonaabiohdn0isa9-star-runner-little-kids-shoe-R2lGyA.jpg, epvipbxrcctcfkik3mun-star-runner-little-kids-shoe-R2lGyA.jpg, edmfix7kmqmlyyu8rukl-star-runner-little-kids-shoe-R2lGyA.jpg', 1105180085, '2018-05-12 10:53:16', '2018-05-12 03:53:16'),
(51100186, '1102', '7, 8, 8.5,9, 9.5, 10, 11, 89', 'sdvzp640icestwzb3acd-air-max-sequent-3-little-kids-shoe-qqQGjq.jpg, qruatncdb7blf8besywv-air-max-sequent-3-little-kids-shoe-qqQGjq.jpg, hoptqd1zsc3kv3tbz8px-air-max-sequent-3-little-kids-shoe-qqQGjq.jpg, lliesqtaq7d7eelom6rn-air-max-sequent-3-little-kids-shoe-qqQGjq.jpg', 1105180086, '2018-05-12 10:53:16', '2018-05-12 03:53:16'),
(51100187, '1112', '7, 8, 8.5,9, 9.5, 10, 11, 90', 'dker3hvzbvm7cmal0iu3-air-max-sequent-3-little-kids-shoe-qqQGjq.jpg, jjflkic4qppc9luncaai-air-max-sequent-3-little-kids-shoe-qqQGjq.jpg, dl2xgqhlkljug0sjua9s-air-max-sequent-3-little-kids-shoe-qqQGjq.jpg, olvnpifgv2yakumfrskb-air-max-sequent-3-little-kids-shoe-qqQGjq.jpg', 1105180086, '2018-05-12 10:53:16', '2018-05-12 03:53:16'),
(51100188, '1104', '7, 8, 8.5,9, 9.5, 10, 11, 91', 'xhcbcacxvt8d0bgdllcp-air-max-sequent-3-little-kids-shoe-qqQGjq.jpg, fzdtndjlgkqwexmwxeti-air-max-sequent-3-little-kids-shoe-qqQGjq.jpg, rjz7eiiwafzrg0evm6pl-air-max-sequent-3-little-kids-shoe-qqQGjq.jpg, sln6zimnax3q7mbwpkhy-air-max-sequent-3-little-kids-shoe-qqQGjq.jpg, o1mdbdg2tkfgsptgbb7o-air-max-sequent-3-little-kids-shoe-qqQGjq.jpg, ox8nh45nsb1ucdqoiloy-air-max-sequent-3-little-kids-shoe-qqQGjq.jpg, cjanrtxdrko9twwc7ycq-air-max-sequent-3-little-kids-shoe-qqQGjq.jpg', 1105180086, '2018-05-12 10:53:16', '2018-05-12 03:53:16'),
(51100189, '1103', '7, 8, 8.5,9, 9.5, 10, 11, 92', 'o8tlrm5oehdefmbu8c9y-air-max-sequent-3-little-kids-shoe-qqQGjq.jpg, wg4ofxxdg3jwzwm3ywij-air-max-sequent-3-little-kids-shoe-qqQGjq.jpg, jj8yar5pj7vnobxekmjb-air-max-sequent-3-little-kids-shoe-qqQGjq.jpg, pil3jnoma6n49czywawm-air-max-sequent-3-little-kids-shoe-qqQGjq.jpg, yekiajgpl5mntxqe9zcq-air-max-sequent-3-little-kids-shoe-qqQGjq.jpg, vstsh5fnro0cz8i6wbhu-air-max-sequent-3-little-kids-shoe-qqQGjq.jpg, jdzcg8wb9jk4g7clncqq-air-max-sequent-3-little-kids-shoe-qqQGjq.jpg', 1105180086, '2018-05-12 10:53:16', '2018-05-12 03:53:16'),
(51100190, '1104', '7, 8, 8.5,9, 9.5, 10, 11, 93', 'kv8sip41yub3tsdunudh-zoom-pegasus-34-big-kids-running-shoe-rGOyGO.jpg, nvlnevwcyz76kceuoby5-zoom-pegasus-34-big-kids-running-shoe-rGOyGO.jpg, f0k0jpy1q1rjhzotgvmm-zoom-pegasus-34-big-kids-running-shoe-rGOyGO.jpg, suyusrtup3jbysazgtnc-zoom-pegasus-34-big-kids-running-shoe-rGOyGO.jpg, zafk8gq73gmk0d0utqbq-zoom-pegasus-34-big-kids-running-shoe-rGOyGO.jpg, cuhhhgisrl84m4k1rhrf-zoom-pegasus-34-big-kids-running-shoe-rGOyGO.jpg, duiczmm0cgz6fwoyhhxw-zoom-pegasus-34-big-kids-running-shoe-rGOyGO.jpg', 1105180087, '2018-05-12 10:53:16', '2018-05-12 03:53:16'),
(51100191, '1109', '7, 8, 8.5,9, 9.5, 10, 11, 94', 'p4qx4vxxhykxhti7t7as-zoom-pegasus-34-big-kids-running-shoe-rGOyGO.jpg, p6ilqgny6ezl0rgdwvtc-zoom-pegasus-34-big-kids-running-shoe-rGOyGO.jpg, rliwyht8lo9qkkvgcfu1-zoom-pegasus-34-big-kids-running-shoe-rGOyGO.jpg, umx5uezvsloguledcps8-zoom-pegasus-34-big-kids-running-shoe-rGOyGO.jpg, nogmcfz46sfm8heodpzo-zoom-pegasus-34-big-kids-running-shoe-rGOyGO.jpg, e52eg2snysfxzfmkioub-zoom-pegasus-34-big-kids-running-shoe-rGOyGO.jpg, k6gtzdex9mqr5x9n1chr-zoom-pegasus-34-big-kids-running-shoe-rGOyGO.jpg', 1105180087, '2018-05-12 10:53:16', '2018-05-12 03:53:16'),
(51100192, '1112', '7, 8, 8.5,9, 9.5, 10, 11, 95', 'zhpgrsviuri0ukfes55w-zoom-pegasus-34-big-kids-running-shoe-rGOyGO.jpg, rngcwtapaqeb30xo1yvi-zoom-pegasus-34-big-kids-running-shoe-rGOyGO.jpg, z6jqnpri1xch5grztpzs-zoom-pegasus-34-big-kids-running-shoe-rGOyGO.jpg, yhswk19drigumuhdfzvv-zoom-pegasus-34-big-kids-running-shoe-rGOyGO.jpg, jicbp8grzl4ctm1auvrr-zoom-pegasus-34-big-kids-running-shoe-rGOyGO.jpg, mas0gxvral16tsffgfip-zoom-pegasus-34-big-kids-running-shoe-rGOyGO.jpg, xlcsyrebacjzug49yo20-zoom-pegasus-34-big-kids-running-shoe-rGOyGO.jpg', 1105180087, '2018-05-12 10:53:16', '2018-05-12 03:53:16'),
(51100193, '1108', '7, 8, 8.5,9, 9.5, 10, 11, 96', 'gnqauew8ie2eqv88uv4o-zoom-pegasus-34-big-kids-running-shoe-rGOyGO.jpg, c8cv7bxqlbwd3vc7wf6s-zoom-pegasus-34-big-kids-running-shoe-rGOyGO.jpg, hzkqcn2j91peavrj1ojf-zoom-pegasus-34-big-kids-running-shoe-rGOyGO.jpg, rxnzbmifoexopudmjixy-zoom-pegasus-34-big-kids-running-shoe-rGOyGO.jpg, bqntat9oefugasjll2ac-zoom-pegasus-34-big-kids-running-shoe-rGOyGO.jpg, qnztrnjayeax9mwf7n5e-zoom-pegasus-34-big-kids-running-shoe-rGOyGO.jpg', 1105180087, '2018-05-12 10:53:16', '2018-05-12 03:53:16'),
(51100194, '1101', '7, 8, 8.5,9, 9.5, 10, 11, 97', 'reh7tconjd0nhpztifd1-zoom-pegasus-34-big-kids-running-shoe-rGOyGO.jpg, x5stmnwrtc8yqtl7hvuv-zoom-pegasus-34-big-kids-running-shoe-rGOyGO.jpg, yudbt1iwppl0rdp1fj50-zoom-pegasus-34-big-kids-running-shoe-rGOyGO.jpg, ygophrsvyrccpgmrnwip-zoom-pegasus-34-big-kids-running-shoe-rGOyGO.jpg, a5z1bvpmhjganwinkofd-zoom-pegasus-34-big-kids-running-shoe-rGOyGO.jpg, noavpztm6gykzmhbpnbm-zoom-pegasus-34-big-kids-running-shoe-rGOyGO.jpg, vok8tp60jyfwpyynymim-zoom-pegasus-34-big-kids-running-shoe-rGOyGO.jpg', 1105180087, '2018-05-12 10:53:16', '2018-05-12 03:53:16'),
(51100195, '1101', '7, 8, 8.5,9, 9.5, 10, 11, 98', 'f5z0pedtbrjvhg6dy2fu-free-rn-2018-infant-toddler-shoe-8zrjjn.jpg, vmw3jiozh6ovivnksde9-free-rn-2018-infant-toddler-shoe-8zrjjn.jpg, gmzubej26m74cjdbwpma-free-rn-2018-infant-toddler-shoe-8zrjjn.jpg, wi6gcszjbsopbdinydo1-free-rn-2018-infant-toddler-shoe-8zrjjn.jpg, hw5rlrky7tg3z8uwr4ee-free-rn-2018-infant-toddler-shoe-8zrjjn.jpg', 1105180088, '2018-05-12 10:53:16', '2018-05-12 03:53:16'),
(51100196, '1111', '7, 8, 8.5,9, 9.5, 10, 11, 99', 'krn7mite7xzv2ynufekx-free-rn-2018-infant-toddler-shoe-8zrjjn.jpg, uecp11wvapkafhr6jlnh-free-rn-2018-infant-toddler-shoe-8zrjjn.jpg, ialmze1tzf8jkldcidnd-free-rn-2018-infant-toddler-shoe-8zrjjn.jpg, c3pffo1sgvn5i4iuciqo-free-rn-2018-infant-toddler-shoe-8zrjjn.jpg, lnf113pp7mudpxh6kxos-free-rn-2018-infant-toddler-shoe-8zrjjn.jpg', 1105180088, '2018-05-12 10:53:16', '2018-05-12 03:53:16'),
(51100197, '1104', '7, 8, 8.5,9, 9.5, 10, 11, 100', 'thjrei3jdsftmtoiune4-free-rn-2018-infant-toddler-shoe-8zrjjn.jpg, vvy3kwa3ah25hqzcn9oj-free-rn-2018-infant-toddler-shoe-8zrjjn.jpg, zf0u59dkkdthg0whtfey-free-rn-2018-infant-toddler-shoe-8zrjjn.jpg, djsfyrfmzb6qegcqccdd-free-rn-2018-infant-toddler-shoe-8zrjjn.jpg, quroayzvfprv85i7mokp-free-rn-2018-infant-toddler-shoe-8zrjjn.jpg', 1105180088, '2018-05-12 10:53:16', '2018-05-12 03:53:16'),
(51100198, '1102', '7, 8, 8.5,9, 9.5, 10, 11, 101', 'ur4mmih88pszcx8jbtle-free-rn-2018-infant-toddler-shoe-8zrjjn.jpg, fwf9xe6ohelo6b0sa2r9-free-rn-2018-infant-toddler-shoe-8zrjjn.jpg, tffevnmkoevgozb6080n-free-rn-2018-infant-toddler-shoe-8zrjjn.jpg, lz5cta2tlwzf2tshfkrs-free-rn-2018-infant-toddler-shoe-8zrjjn.jpg, rbwdet7td9vljygc45tn-free-rn-2018-infant-toddler-shoe-8zrjjn.jpg', 1105180088, '2018-05-12 10:53:16', '2018-05-12 03:53:16'),
(51100199, '1108', '7, 8, 8.5,9, 9.5, 10, 11, 102', 'qr5m4n9b7969v0cbttpa-free-rn-2018-infant-toddler-shoe-8zrjjn.jpg, jmgxdbr3lchtts1dmel1-free-rn-2018-infant-toddler-shoe-8zrjjn.jpg, fzdtqt8isvalpaegnkge-free-rn-2018-infant-toddler-shoe-8zrjjn.jpg, nkjxrahozd7178my95sr-free-rn-2018-infant-toddler-shoe-8zrjjn.jpg, hdfuezgfrppvows5z4b4-free-rn-2018-infant-toddler-shoe-8zrjjn.jpg', 1105180088, '2018-05-12 10:53:16', '2018-05-12 03:53:16'),
(51100200, '1103', '7, 8, 8.5,9, 9.5, 10, 11, 103', 'giz0dwmr54bzqcg7ewem-free-rn-2018-infant-toddler-shoe-8zrjjn.jpg, f9phkgrsxug74te0g1le-free-rn-2018-infant-toddler-shoe-8zrjjn.jpg, sxrufdt8pcfgtoq3edtu-free-rn-2018-infant-toddler-shoe-8zrjjn.jpg, vxavbt0sqboa5uaplgs9-free-rn-2018-infant-toddler-shoe-8zrjjn.jpg, qudjuvpxae8tr2v3qn2k-free-rn-2018-infant-toddler-shoe-8zrjjn.jpg', 1105180088, '2018-05-12 10:53:16', '2018-05-12 03:53:16');

--
-- Indexes for dumped tables
--

--
-- Indexes for table `categories`
--
ALTER TABLE `categories`
  ADD PRIMARY KEY (`id`);

--
-- Indexes for table `colors`
--
ALTER TABLE `colors`
  ADD PRIMARY KEY (`id`);

--
-- Indexes for table `products`
--
ALTER TABLE `products`
  ADD PRIMARY KEY (`id`);

--
-- Indexes for table `product_item`
--
ALTER TABLE `product_item`
  ADD PRIMARY KEY (`id`);

--
-- AUTO_INCREMENT for dumped tables
--

--
-- AUTO_INCREMENT for table `categories`
--
ALTER TABLE `categories`
  MODIFY `id` int(11) NOT NULL AUTO_INCREMENT, AUTO_INCREMENT=201809;

--
-- AUTO_INCREMENT for table `colors`
--
ALTER TABLE `colors`
  MODIFY `id` int(11) NOT NULL AUTO_INCREMENT, AUTO_INCREMENT=1115;

--
-- AUTO_INCREMENT for table `products`
--
ALTER TABLE `products`
  MODIFY `id` int(11) NOT NULL AUTO_INCREMENT, AUTO_INCREMENT=1105180089;

--
-- AUTO_INCREMENT for table `product_item`
--
ALTER TABLE `product_item`
  MODIFY `id` int(11) NOT NULL AUTO_INCREMENT, AUTO_INCREMENT=51100201;
COMMIT;

/*!40101 SET CHARACTER_SET_CLIENT=@OLD_CHARACTER_SET_CLIENT */;
/*!40101 SET CHARACTER_SET_RESULTS=@OLD_CHARACTER_SET_RESULTS */;
/*!40101 SET COLLATION_CONNECTION=@OLD_COLLATION_CONNECTION */;
